nameLast,nameFirst,playerID,Age,year,reliability,mPA,mAB,mR,mH,m2B,m3B,mHR,mRBI,mSB,mCS,mBB,mSO,mIBB,mHBP,mSH,mSF,mGIDP
Bonds,Barry,bondsba01,41,2005,0.86,564,392,105,128,25,2,39,88,7,1,160,55,69,8,1,3,6
Pujols,Albert,pujolal01,25,2005,0.87,614,529,116,179,43,2,37,110,4,3,71,59,10,8,0,6,15
Helton,Todd,heltoto01,32,2005,0.87,612,508,103,169,40,3,28,92,3,2,95,74,16,3,0,6,12
Ramirez,Manny,ramirma02,33,2005,0.86,599,510,96,160,35,1,34,104,3,2,76,101,16,7,1,5,16
Berkman,Lance,berkmla01,29,2005,0.87,609,500,94,149,33,3,28,94,7,4,97,98,12,7,1,4,9
Edmonds,Jim,edmonji01,35,2005,0.85,559,468,89,134,32,2,34,89,5,3,80,131,9,5,1,5,8
Guerrero,Vladimir,guerrvl01,29,2005,0.86,587,516,95,169,30,2,31,98,17,7,59,68,18,6,1,5,17
Abreu,Bobby,abreubo01,31,2005,0.88,626,519,95,155,38,2,22,87,25,7,97,108,9,4,0,6,9
Delgado,Carlos,delgaca01,33,2005,0.86,546,453,82,126,28,1,30,97,1,1,74,109,13,12,0,7,9
Rodriguez,Alex,rodrial01,30,2005,0.88,620,534,102,155,24,3,38,101,16,3,71,111,7,10,0,5,14
Sheffield,Gary,sheffga01,37,2005,0.87,610,520,99,154,29,1,30,101,10,4,74,69,5,9,1,6,15
Thome,Jim,thomeji01,35,2005,0.87,579,480,89,130,24,2,39,100,1,2,92,138,15,3,0,4,7
Drew,J.D.,drewjd01,30,2005,0.83,555,467,90,133,24,5,24,73,8,3,77,99,2,6,2,3,7
Dunn,Adam,dunnad01,26,2005,0.86,587,484,86,125,25,1,33,78,9,3,93,149,9,7,1,2,7
Giambi,Jason,giambja01,34,2005,0.84,430,351,60,91,17,0,22,64,2,1,66,81,3,10,0,3,8
Giles,Brian,gilesbr02,34,2005,0.87,616,511,87,146,31,5,24,86,8,3,92,73,11,6,1,6,11
Hafner,Travis,hafnetr01,28,2005,0.78,519,449,74,129,33,3,22,82,4,2,52,104,5,13,1,4,10
Ordonez,Magglio,ordonma01,31,2005,0.83,378,341,57,104,23,2,17,62,4,3,31,46,2,4,0,2,10
Ortiz,David,ortizda01,30,2005,0.85,585,513,81,148,40,2,32,108,1,1,62,108,6,3,1,6,10
Rolen,Scott,rolensc01,30,2005,0.86,562,482,87,139,32,3,27,97,7,3,64,89,4,10,1,5,13
Walker,Larry,walkela01,39,2005,0.82,414,349,63,101,22,4,16,61,5,2,56,68,6,7,0,2,8
Bay,Jason,bayja01,27,2005,0.7,447,388,59,110,23,3,21,69,6,5,44,106,2,7,4,4,8
Beltran,Carlos,beltrca01,28,2005,0.87,614,531,101,150,28,7,28,92,32,4,71,95,5,4,2,6,9
Cabrera,Miguel,cabremi01,22,2005,0.8,577,510,82,151,30,2,25,95,4,2,55,118,5,5,2,5,16
Giles,Marcus,gilesma01,27,2005,0.82,480,418,70,126,29,2,14,54,12,3,44,72,2,8,5,5,7
Jones,Chipper,jonesch06,33,2005,0.86,549,464,75,132,25,1,24,85,4,1,77,83,11,3,0,5,12
Mauer,Joe,mauerjo01,22,2005,0.34,261,230,36,68,15,2,10,34,3,1,24,37,1,3,1,3,4
Mora,Melvin,morame01,33,2005,0.85,559,481,86,142,29,1,20,73,10,5,58,91,1,12,5,3,8
Nixon,Trot,nixontr01,31,2005,0.8,335,292,48,83,17,2,15,51,2,1,36,59,2,3,1,3,4
Posada,Jorge,posadjo01,34,2005,0.85,532,447,71,121,28,1,21,82,2,2,75,103,6,7,0,3,17
Sexson,Richie,sexsori01,31,2005,0.82,324,280,45,76,15,1,18,53,1,1,38,66,3,4,0,2,8
Sweeney,Mike,sweenmi01,32,2005,0.83,472,414,63,123,23,1,19,77,5,3,48,54,7,5,1,4,9
Teixeira,Mark,teixema01,25,2005,0.82,571,503,81,140,30,3,29,91,4,2,55,106,8,10,1,2,9
Thomas,Frank,thomafr04,37,2005,0.84,422,351,57,91,21,0,22,62,1,1,62,77,3,6,0,3,6
Bagwell,Jeff,bagweje01,37,2005,0.87,610,521,88,140,26,2,27,81,7,3,78,114,5,7,0,4,15
Beltre,Adrian,beltrad01,26,2005,0.86,589,536,74,156,28,2,30,89,5,3,43,88,6,4,1,5,13
Blalock,Hank,blaloha01,25,2005,0.84,618,549,90,157,33,3,27,91,3,2,59,115,4,4,1,5,12
Blanco,Andres,blancan01,21,2005,0.22,234,207,31,61,11,3,6,27,4,3,21,33,1,3,2,1,4
Chavez,Eric,chaveer01,28,2005,0.86,554,483,80,135,26,2,26,82,7,3,66,90,9,2,0,3,13
Durazo,Erubiel,durazer01,31,2005,0.84,554,475,78,135,28,1,21,77,3,2,69,99,8,5,1,4,8
Floyd,Cliff,floydcl01,33,2005,0.83,471,408,61,112,28,1,19,65,8,3,51,89,7,7,1,4,8
Ford,Lew,fordle01,29,2005,0.75,537,468,74,137,27,3,14,63,14,2,53,68,3,9,2,5,11
Garciaparra,Nomar,garcino01,32,2005,0.85,449,409,68,122,27,5,15,64,7,2,28,45,2,6,1,5,9
Gonzalez,Luis,gonzalu01,38,2005,0.85,493,421,68,116,26,3,19,67,4,2,66,62,9,3,0,3,11
Guillen,Jose,guilljo01,29,2005,0.83,563,511,77,148,26,2,25,87,4,4,34,92,4,12,3,3,15
Holliday,Matt,hollima01,25,2005,0.65,420,378,60,110,27,3,13,54,4,3,33,76,1,5,2,2,8
Huff,Aubrey,huffau01,29,2005,0.86,604,545,81,164,31,2,27,87,4,2,48,72,9,5,1,5,13
Jones,Andruw,jonesan01,28,2005,0.87,589,520,83,141,29,2,29,89,6,4,60,120,5,5,0,4,16
Kearns,Austin,kearnau01,25,2005,0.76,357,310,47,86,16,2,13,51,5,2,41,74,2,4,1,1,8
Kent,Jeff,kentje01,37,2005,0.86,558,504,81,145,33,4,24,89,6,2,43,90,3,5,0,6,17
Klesko,Ryan,kleskry01,34,2005,0.84,487,416,59,115,27,1,17,68,4,3,62,76,6,3,1,5,9
Lee,Carlos,leeca01,29,2005,0.87,596,535,89,155,31,1,27,90,10,4,50,82,3,5,0,6,11
Lee,Derrek,leede02,30,2005,0.87,608,524,83,143,32,3,27,83,14,6,71,123,5,7,1,5,11
Lopez,Javy,lopezja01,35,2005,0.84,568,516,76,152,29,2,27,87,1,1,41,95,5,6,1,4,14
Lowell,Mike,lowelmi01,31,2005,0.86,591,525,78,148,35,1,25,85,4,2,56,80,6,4,1,5,14
Matsui,Hideki,matsuhi01,31,2005,0.84,610,535,85,154,33,2,21,91,3,1,66,89,3,3,1,5,15
Reed,Jeremy,reedje03,24,2005,0.22,233,206,32,63,12,1,6,27,5,2,22,32,2,3,1,1,5
Rodriguez,Ivan,rodriiv01,34,2005,0.84,545,494,75,151,32,2,18,77,7,4,42,89,5,4,1,4,15
Soriano,Alfonso,soriaal01,27,2005,0.88,602,555,88,162,33,3,29,81,23,6,31,112,4,10,1,5,7
Sosa,Sammy,sosasa01,37,2005,0.85,528,462,80,122,19,1,33,81,1,1,59,124,7,3,0,4,11
Tejada,Miguel,tejadmi01,29,2005,0.88,633,574,92,171,33,1,28,112,6,1,43,70,5,8,0,8,16
Vidro,Jose,vidrojo01,31,2005,0.85,493,433,64,130,28,1,14,62,3,1,50,52,4,3,4,3,12
Wells,Vernon,wellsve01,27,2005,0.87,568,520,83,152,34,3,23,80,7,2,39,74,2,4,1,4,15
Wilkerson,Brad,wilkebr01,28,2005,0.86,604,509,90,135,32,4,23,67,10,7,85,141,5,4,3,3,6
Wilson,Craig,wilsocr03,29,2005,0.83,558,486,77,129,27,4,24,72,3,2,46,138,3,22,1,3,10
Wright,David,wrighda03,23,2005,0.54,342,310,48,91,19,1,14,47,6,1,24,50,1,4,1,3,7
Adams,Russ,adamsru01,25,2005,0.25,239,214,31,61,10,2,9,30,3,1,20,33,1,3,1,1,6
Alou,Moises,aloumo01,39,2005,0.86,601,537,78,148,30,2,25,82,4,1,56,75,4,3,1,4,14
Anderson,Garret,anderga01,33,2005,0.86,505,472,63,142,31,2,19,82,4,2,28,71,7,1,0,4,8
Bellhorn,Mark,bellhma01,31,2005,0.83,541,457,75,117,27,3,16,63,7,4,74,141,2,5,2,3,7
Bradley,Milton,bradlmi01,27,2005,0.83,544,471,71,133,29,2,16,64,14,7,63,98,5,5,2,3,12
Burks,Ellis,burksel01,41,2005,0.7,241,215,33,58,11,1,10,31,2,1,21,47,1,3,1,1,5
Burrell,Pat,burrepa01,29,2005,0.86,527,453,64,114,24,2,23,75,2,0,67,120,5,3,0,4,12
Cantu,Jorge,cantujo01,23,2005,0.44,292,265,39,78,22,2,6,33,2,1,21,55,1,3,1,2,7
Casey,Sean,caseyse01,31,2005,0.86,579,522,78,154,30,2,16,76,3,1,46,53,5,6,1,4,15
Choi,Hee Seop,choihe01,26,2005,0.73,432,362,56,92,23,1,15,50,3,1,59,97,4,5,3,3,7
Damon,Johnny,damonjo01,32,2005,0.87,620,549,99,157,30,6,15,69,20,6,61,70,3,3,3,4,6
Diaz,Victor,diazvi01,24,2005,0.18,226,203,30,58,12,1,8,29,3,1,18,41,1,3,1,1,6
Durham,Ray,durhara01,34,2005,0.85,518,452,81,126,28,5,13,54,11,5,53,75,2,5,5,3,8
Ensberg,Morgan,ensbemo01,30,2005,0.79,472,418,60,116,20,3,16,64,7,3,44,62,1,4,3,3,14
Fullmer,Brad,fullmbr01,30,2005,0.76,368,327,52,89,22,3,14,46,5,3,32,45,3,6,1,2,7
Giambi,Jeremy,giambje01,31,2005,0.6,216,180,28,45,9,0,9,25,1,1,32,47,1,2,1,1,4
Glaus,Troy,glaustr01,29,2005,0.8,358,309,55,79,15,1,18,55,5,2,43,72,3,3,0,3,7
Gload,Ross,gloadro01,29,2005,0.54,330,295,39,87,18,1,9,48,2,3,27,51,2,3,2,3,10
Green,Shawn,greensh01,33,2005,0.87,605,530,82,145,31,1,25,81,6,3,65,102,7,6,0,4,17
Griffey Jr.,Ken,griffke02,36,2005,0.73,394,340,51,86,19,1,19,54,2,1,45,75,5,5,1,3,8
Guillen,Carlos,guillca01,30,2005,0.84,537,476,80,138,28,6,14,72,7,4,51,84,3,2,4,4,11
Jenkins,Geoff,jenkige01,31,2005,0.84,596,533,80,144,32,4,25,84,3,1,49,128,8,9,1,4,15
Jeter,Derek,jeterde01,31,2005,0.87,615,547,96,163,31,2,17,65,18,4,48,94,2,10,8,2,13
Johnson,Nick,johnsni01,27,2005,0.79,388,327,52,88,18,0,12,47,5,3,51,69,3,7,2,1,8
Kendall,Jason,kendaja01,31,2005,0.87,596,526,73,161,27,2,6,51,10,6,50,44,2,16,1,3,10
Konerko,Paul,konerpa01,29,2005,0.86,571,507,70,139,23,0,28,91,2,0,52,80,5,6,1,5,21
Koskie,Corey,koskico01,32,2005,0.84,500,429,66,115,26,2,17,65,9,5,57,103,6,8,0,6,8
Kubel,Jason,kubelja01,23,2005,0.22,234,208,32,60,11,1,7,28,3,2,21,36,1,2,1,2,4
Lane,Jason,laneja01,29,2005,0.48,281,248,38,68,15,2,10,37,3,1,26,49,1,2,2,3,4
Loretta,Mark,loretma01,34,2005,0.86,619,549,80,171,34,2,13,66,5,3,52,59,3,6,4,8,12
Martinez,Victor,martivi01,27,2005,0.76,513,454,63,129,28,1,17,80,2,2,49,65,7,4,1,5,14
Mench,Kevin,menchke01,27,2005,0.78,454,408,61,115,27,2,19,62,2,1,34,69,2,7,1,4,6
Michaels,Jason,michaja01,29,2005,0.68,386,337,51,94,20,2,11,46,3,2,42,80,2,3,1,3,6
Millar,Kevin,millake01,34,2005,0.85,556,489,70,139,33,1,19,73,2,2,51,92,2,9,1,6,14
Morneau,Justin,morneju01,24,2005,0.63,368,329,47,90,19,1,17,59,2,1,33,65,6,3,1,2,7
Mueller,Bill,muellbi02,34,2005,0.83,490,427,69,123,29,3,13,60,2,2,51,64,2,4,3,5,9
Nevin,Phil,nevinph01,34,2005,0.82,536,478,66,134,23,1,21,82,3,1,50,102,4,3,1,4,14
Overbay,Lyle,overbly01,28,2005,0.79,563,490,65,142,40,1,13,69,3,1,64,110,8,3,1,5,11
Phelps,Josh,phelpjo01,27,2005,0.8,446,401,59,110,22,2,19,69,2,1,33,104,2,10,1,1,12
Piazza,Mike,piazzmi01,37,2005,0.82,491,429,55,115,21,1,21,62,1,1,55,77,9,3,1,3,16
Piedra,Jorge,piedrjo01,26,2005,0.29,249,223,34,63,15,1,8,29,3,2,20,42,1,3,2,1,4
Quinlan,Robb,quinlro01,28,2005,0.52,299,269,39,81,17,2,7,33,4,2,24,47,1,3,1,2,5
Ramirez,Aramis,ramirar01,27,2005,0.86,570,515,74,147,28,1,26,88,2,2,41,78,4,6,0,8,18
Ramirez,Elizardo,ramirel01,22,2005,0,200,177,26,50,10,1,6,25,3,1,19,31,2,2,1,1,4
Restovich,Michael,restomi01,26,2005,0.32,232,205,33,57,11,2,7,26,3,1,23,40,1,2,1,1,5
Rowand,Aaron,rowanaa01,28,2005,0.78,484,439,74,128,29,2,18,59,9,3,28,78,1,8,6,3,7
Snow,J.T.,snowjt01,37,2005,0.81,448,380,55,106,25,2,10,56,3,1,55,72,2,7,2,4,8
Spivey,Junior,spiveju01,30,2005,0.8,372,326,52,90,19,2,11,45,5,3,34,70,2,8,1,3,7
Stairs,Matt,stairma01,37,2005,0.8,484,424,56,112,23,2,20,65,2,1,50,88,3,6,1,3,12
Stewart,Shannon,stewash01,31,2005,0.85,479,427,65,128,26,2,11,49,6,3,43,53,3,4,1,4,8
Suzuki,Ichiro,suzukic01,32,2005,0.88,654,598,93,198,24,5,10,55,27,9,45,64,14,5,3,3,6
Varitek,Jason,varitja01,33,2005,0.84,520,456,63,126,28,1,18,71,6,3,51,108,6,8,2,3,11
Williams,Bernie,willibe02,37,2005,0.86,578,503,85,138,26,1,18,70,4,3,69,84,6,3,1,2,18
Young,Dmitri,youngdm01,32,2005,0.82,480,429,66,121,26,3,20,63,2,1,39,89,8,7,1,4,12
Alvarez,Tony,alvarto01,26,2005,0.21,222,194,29,53,11,1,7,28,3,1,20,35,1,3,2,3,4
Ankiel,Rick,ankieri01,26,2005,0.01,201,178,26,49,10,1,6,24,3,1,19,33,2,2,1,1,4
Barmes,Clint,barmecl01,26,2005,0.29,241,215,33,61,12,2,7,29,2,2,17,40,1,4,3,2,5
Bennett,Jeff,benneje01,25,2005,0.01,201,179,26,49,10,1,6,25,3,1,18,34,2,2,1,1,4
Bentz,Chad,bentzch01,25,2005,0.01,201,179,26,50,10,1,6,25,3,1,18,32,2,2,1,1,4
Bigbie,Larry,bigbila01,28,2005,0.77,497,445,68,127,23,1,14,59,8,2,43,98,2,2,3,4,7
Boone,Bret,boonebr01,36,2005,0.87,600,537,78,144,28,2,24,86,10,4,51,111,3,5,2,5,14
Brazell,Craig,brazecr01,25,2005,0.13,218,196,27,54,11,1,7,26,3,1,18,36,1,2,1,1,5
Brazoban,Yhency,brazoyh01,25,2005,0,200,178,26,49,10,1,6,25,3,1,18,33,2,2,1,1,4
Broussard,Ben,brousbe01,29,2005,0.79,485,428,58,113,25,4,17,69,5,2,44,90,3,8,2,3,8
Burnitz,Jeromy,burnije01,36,2005,0.85,554,496,74,125,23,2,28,81,6,5,49,121,7,6,1,2,8
Bush,David,bushda01,26,2005,0.01,201,179,26,49,10,1,6,24,3,1,18,32,2,2,1,1,4
Byrnes,Eric,byrneer01,29,2005,0.82,562,504,81,138,32,5,17,65,13,2,45,95,2,8,1,4,9
Capellan,Jose,capeljo01,24,2005,0.01,201,179,26,49,10,1,6,25,3,1,18,33,2,2,1,1,4
Catalanotto,Frank,catalfr01,31,2005,0.78,390,350,53,100,24,4,7,41,4,2,29,50,1,6,2,3,7
Closser,J.D.,clossjd01,25,2005,0.34,262,235,26,69,13,1,6,29,3,1,20,43,1,3,3,1,6
Colbrunn,Greg,colbrgr01,36,2005,0.44,220,200,28,54,11,2,8,26,2,1,17,36,1,1,1,1,5
Cormier,Lance,cormila01,25,2005,0.04,205,181,26,50,11,1,6,25,3,1,19,33,2,2,2,1,4
Cuddyer,Mike,cuddymi01,26,2005,0.7,402,357,51,96,20,2,13,46,5,4,38,74,2,3,2,2,10
Cummings,Midre,cummimi01,34,2005,0.2,230,205,30,55,12,1,7,27,3,1,20,40,1,3,1,1,4
Cust,Jack,custja01,26,2005,0.32,209,183,25,48,11,1,7,26,2,1,22,46,1,2,1,1,4
Daubach,Brian,daubabr01,33,2005,0.7,265,231,32,59,14,1,9,33,2,1,29,60,2,3,0,2,5
Davanon,Jeff,davanje02,32,2005,0.73,407,352,53,96,17,3,11,45,16,4,46,66,2,1,3,5,5
DeJesus,David,dejesda01,26,2005,0.64,408,359,56,103,17,3,9,43,7,8,34,57,1,8,6,1,7
Diaz,Felix,diazfe01,25,2005,0,200,178,26,49,10,1,6,25,3,1,18,32,2,2,1,1,4
Dohmann,Scott,dohmasc01,27,2005,0.01,202,178,26,48,10,1,6,24,3,1,18,33,2,3,2,1,4
Echevarria,Angel,echevan01,34,2005,0.22,200,177,25,49,10,1,6,27,2,1,17,33,1,2,1,3,5
Edwards,Mike,edwarmi02,29,2005,0.02,201,178,25,48,9,1,6,24,3,1,19,33,1,2,1,1,4
Estrada,Johnny,estrajo01,29,2005,0.7,462,414,51,123,28,1,9,62,2,1,35,63,5,9,1,3,14
Everett,Carl,evereca01,34,2005,0.81,415,369,52,100,19,1,15,56,4,2,32,66,4,9,2,3,8
Finley,Steve,finlest01,40,2005,0.86,611,544,80,146,25,4,26,79,11,6,56,87,3,3,4,4,11
Ginter,Keith,ginteke01,29,2005,0.78,460,402,53,105,22,2,17,56,5,1,42,95,2,10,2,4,9
Gonzalez,Adrian,gonzaad01,23,2005,0.15,222,199,30,55,12,1,7,29,3,1,19,34,1,2,1,1,4
Gonzalez,Juan,gonzaju03,36,2005,0.71,304,280,40,78,15,1,13,44,2,1,18,57,2,3,1,2,8
Gonzalez,Luis A.,gonzalu02,26,2005,0.59,376,340,47,98,18,2,12,45,3,4,23,66,2,4,7,2,6
Granderson,Curtis,grandcu01,24,2005,0.1,214,190,27,52,10,2,6,24,3,1,20,37,1,2,1,1,5
Greene,Khalil,greenkh01,26,2005,0.72,484,426,60,116,27,3,14,57,4,2,45,83,7,6,1,6,9
Greinke,Zack,greinza01,22,2005,0.01,201,179,26,50,10,1,6,25,3,1,18,32,2,2,1,1,4
Grieve,Ben,grievbe01,29,2005,0.77,368,314,43,81,19,0,11,42,3,1,45,77,4,5,1,3,7
Halsey,Brad,halsebr01,24,2005,0.01,201,179,26,50,10,1,6,25,3,1,18,33,2,2,1,1,4
Hart,Corey,hartco01,23,2005,0,200,178,26,49,10,1,6,25,3,1,18,32,2,2,1,1,4
Hart,Jason,hartja01,28,2005,0.04,200,178,25,48,11,1,6,23,3,1,18,35,1,2,1,1,4
Henson,Drew,hensodr01,25,2005,0.03,201,179,27,49,10,1,6,24,3,1,18,33,2,2,1,1,4
Hidalgo,Richard,hidalri01,30,2005,0.85,548,488,72,129,29,3,23,75,6,4,48,108,6,6,1,5,14
Hillenbrand,Shea,hillesh02,30,2005,0.86,557,516,67,151,33,2,16,78,3,1,26,67,3,9,0,6,17
Hill,Shawn,hillsh01,24,2005,0.01,202,179,26,49,10,1,6,25,3,1,18,33,2,2,2,1,4
Hollandsworth,Todd,hollato01,32,2005,0.73,309,277,40,77,18,2,10,37,4,3,27,59,4,1,2,2,5
Hollins,Damon,hollida02,31,2005,0.09,212,190,27,53,11,1,6,27,3,1,17,35,1,2,2,1,4
Howard,Ryan,howarry01,26,2005,0.15,221,198,28,55,13,1,7,27,3,1,18,40,1,3,1,1,5
Hunter,Torii,hunteto01,30,2005,0.86,549,501,75,134,31,2,23,81,14,6,40,98,4,5,0,3,16
Ibanez,Raul,ibanera01,33,2005,0.85,529,481,70,140,29,3,17,73,4,3,39,74,4,3,1,5,10
Jacobsen,Bucky,jacobbu02,30,2005,0.42,288,259,33,70,14,1,11,39,2,1,24,60,1,2,1,2,5
Johnson,Gary,johnsga01,30,2005,0.03,201,179,25,49,10,1,6,23,3,2,18,33,1,2,1,1,4
Jones,Jacque,jonesja04,30,2005,0.86,559,514,74,144,28,1,21,73,10,5,34,108,2,6,2,3,10
Jose,Felix,josefe01,40,2005,0.12,202,177,24,47,9,1,7,26,2,1,20,36,2,2,1,2,5
Kensing,Logan,kensilo01,23,2005,0.01,202,179,26,50,10,1,6,25,3,1,18,32,2,2,2,1,4
Kielty,Bobby,kieltbo01,29,2005,0.79,390,332,51,84,19,2,11,46,4,1,50,69,3,5,1,2,7
Knoedler,Justin,knoedju01,25,2005,0,200,178,26,49,10,1,6,25,3,1,18,32,2,2,1,1,4
Kotsay,Mark,kotsama01,30,2005,0.86,591,530,72,154,30,4,13,54,8,5,53,79,3,2,3,3,8
Lamb,Mike,lambmi01,30,2005,0.7,360,321,47,88,15,2,12,49,2,1,33,62,3,2,1,3,6
Langerhans,Ryan,langery01,25,2005,0.05,202,181,26,50,9,1,6,24,3,1,17,35,1,2,1,1,4
LaRoche,Adam,larocad01,26,2005,0.6,378,341,49,95,25,1,13,48,2,1,31,73,2,2,2,2,9
Leicester,Jon,leicejo01,26,2005,0,200,178,26,49,10,1,6,24,3,1,18,32,2,2,1,1,4
Lieberthal,Mike,liebemi01,33,2005,0.84,521,469,58,133,28,1,15,63,1,1,37,66,2,11,1,3,15
Liriano,Pedro,liriape01,25,2005,0,200,178,26,49,10,1,6,25,3,1,18,32,2,2,1,1,4
Lunsford,Trey,lunsftr01,26,2005,0.01,200,178,25,49,10,1,6,25,3,1,18,32,2,2,1,1,4
Mabry,John,mabryjo01,35,2005,0.68,350,310,41,83,16,1,14,49,2,1,31,69,4,3,3,3,8
Machado,Andy,machaan01,24,2005,0.22,233,205,29,57,13,2,6,26,5,2,24,48,3,2,1,1,4
Majewski,Gary,majewga01,25,2005,0.01,201,179,26,49,10,1,6,25,3,1,18,34,2,2,1,1,4
Martinez,Edgar,martied01,42,2005,0.84,535,458,54,122,23,0,16,70,2,1,66,98,8,5,1,5,13
Matranga,Dave,matrada01,28,2005,0.02,200,179,26,48,10,1,7,24,3,1,17,33,1,2,1,1,4
Mirabelli,Doug,mirabdo01,35,2005,0.64,309,275,39,72,17,1,12,41,2,1,27,64,1,4,1,2,7
Mohr,Dustan,mohrdu01,29,2005,0.79,401,351,56,94,23,1,11,41,4,3,40,86,2,4,3,3,7
Munoz,Arnie,munozar01,23,2005,0,200,178,26,49,10,1,6,25,3,1,18,31,2,2,1,1,4
Myers,Greg,myersgr01,39,2005,0.63,247,218,30,59,12,0,9,31,1,1,25,43,2,1,1,2,7
Nageotte,Clint,nageocl01,25,2005,0.01,201,179,26,49,10,1,6,25,3,1,18,34,2,2,1,1,4
Navarro,Dioner,navardi01,21,2005,0.03,204,182,28,52,10,1,6,26,3,1,18,31,2,2,1,1,5
Newhan,David,newhada01,32,2005,0.63,406,365,59,107,16,5,9,51,9,2,30,70,1,4,4,3,6
Niekro,Lance,niekrla01,26,2005,0.02,200,178,27,49,10,1,6,25,3,1,18,32,2,2,1,1,4
Ochoa,Alex,ochoaal01,33,2005,0.45,200,175,25,46,10,1,6,22,4,2,21,28,1,2,1,1,4
Olerud,John,olerujo01,37,2005,0.85,513,438,55,117,25,1,12,63,1,1,63,62,5,6,1,5,14
Palmeiro,Rafael,palmera01,41,2005,0.87,591,506,74,128,25,1,28,86,3,1,74,75,11,5,0,6,11
Payton,Jay,paytoja01,33,2005,0.85,521,472,67,133,22,4,16,63,5,2,38,64,2,5,3,3,15
Pena,Carlos,penaca01,27,2005,0.84,532,464,68,117,22,4,22,67,5,3,58,126,2,4,2,4,9
Pena,Wily Mo,penawi01,23,2005,0.68,400,363,50,96,14,2,21,59,6,3,29,100,2,6,1,1,7
Pickering,Calvin,pickeca01,29,2005,0.37,271,237,36,62,14,2,10,39,2,1,28,58,2,2,1,3,8
Polanco,Placido,polanpl01,30,2005,0.85,533,480,74,139,25,2,14,55,8,3,32,45,1,9,8,4,13
Pratt,Todd,prattto02,38,2005,0.6,290,246,32,65,15,1,7,34,2,1,34,63,3,5,2,3,7
Renteria,Edgar,renteed01,30,2005,0.87,587,526,79,159,36,1,11,77,20,7,47,65,7,2,5,7,15
Rivera,Juan,riverju01,27,2005,0.72,432,393,51,115,25,1,13,52,5,2,34,55,5,2,1,2,12
Rivera,Rene,riverre01,22,2005,0.01,202,180,26,50,10,1,6,25,3,1,18,32,2,2,1,1,4
Rodriguez,Eddy,rodried03,24,2005,0,200,178,26,49,10,1,6,25,3,1,18,32,2,2,1,1,4
Ross,Cody,rossco01,25,2005,0.07,202,178,25,49,10,1,6,26,3,1,18,32,1,3,2,1,4
Ryan,Michael,ryanmi03,28,2005,0.36,244,219,34,62,13,1,7,30,4,2,20,43,2,2,1,2,6
Saenz,Chris,saenzch01,24,2005,0.01,201,179,26,49,10,1,6,25,3,1,18,33,2,2,1,1,4
Saenz,Olmedo,saenzol01,35,2005,0.49,264,233,31,63,10,1,10,34,2,1,22,52,2,5,1,3,6
Salmon,Tim,salmoti01,37,2005,0.81,365,317,44,85,19,1,11,46,3,1,39,64,2,5,0,4,6
Sanders,Reggie,sandere02,38,2005,0.84,493,445,66,116,24,4,23,71,15,5,37,111,4,6,1,4,8
Sizemore,Grady,sizemgr01,23,2005,0.4,280,246,33,67,13,2,8,38,4,1,25,50,1,5,1,3,3
Sledge,Terrmel,sledgte01,28,2005,0.65,423,376,47,102,20,4,14,56,4,3,38,65,4,2,5,2,4
Snell,Ian,snellia01,24,2005,0.01,202,179,26,49,10,1,6,25,3,1,18,33,2,2,2,1,4
Snyder,Chris,snydech02,24,2005,0.31,255,224,30,60,13,1,9,33,3,1,26,45,2,2,1,2,3
Stenson,Dernell,stensde01,27,2005,0.24,209,184,28,50,10,1,6,26,2,1,20,39,1,2,1,2,3
Swisher,Nick,swishni01,25,2005,0.23,236,207,32,56,12,1,7,29,3,1,23,37,1,3,1,2,5
Tadano,Kazuhito,tadanka01,25,2005,0.01,202,180,27,50,10,1,6,25,3,1,18,33,2,2,1,1,4
Taveras,Willy,taverwi01,24,2005,0.01,201,178,28,49,10,1,6,25,4,1,18,33,2,2,2,1,4
Thomas,Charles,thomach01,27,2005,0.53,334,295,44,84,13,3,9,40,4,2,28,55,7,8,2,1,5
Thompson,Rich,thompri02,26,2005,0,200,178,26,49,10,1,6,24,4,1,18,32,2,2,1,1,5
Tiffee,Terry,tiffete01,26,2005,0.17,224,200,30,55,12,1,7,29,3,1,19,32,1,3,1,1,5
Torcato,Tony,torcato01,26,2005,0.12,208,184,24,52,10,1,6,25,3,1,17,33,1,3,2,2,4
Upton,B.J.,uptonbj01,21,2005,0.42,288,256,36,71,14,2,8,30,5,2,26,56,1,2,2,2,4
Van Benschoten,John,vanbejo01,25,2005,0.04,206,181,27,49,10,1,7,26,3,1,19,34,2,2,3,1,4
Vitiello,Joe,vitiejo01,35,2005,0.22,209,185,27,52,11,1,6,26,2,1,18,35,1,3,1,2,4
Walker,Todd,walketo04,32,2005,0.85,477,427,64,121,26,3,12,56,3,2,40,56,4,3,2,5,8
Weeks,Rickie,weeksri01,23,2005,0.04,201,178,26,49,10,1,6,24,3,1,18,34,2,3,1,1,4
Werth,Jayson,werthja01,26,2005,0.62,368,328,55,87,16,3,15,51,5,1,33,84,1,4,1,2,5
Willingham,Josh,willijo03,26,2005,0.11,214,190,26,51,9,1,7,24,3,1,20,37,1,2,1,1,5
Wilson,Preston,wilsopr01,31,2005,0.82,377,337,50,89,20,1,16,59,8,4,33,81,2,4,1,2,12
Winn,Randy,winnra01,31,2005,0.87,618,555,82,160,32,5,13,71,19,5,46,97,2,7,5,5,11
Youkilis,Kevin,youkike01,26,2005,0.51,324,279,46,75,15,1,10,43,2,2,37,55,1,4,1,3,4
Young,Mike,youngmi02,29,2005,0.88,641,592,92,176,29,7,16,75,10,3,39,93,1,1,4,5,12
Aguila,Chris,aguilch01,26,2005,0.17,224,201,32,53,11,2,8,27,3,1,18,39,1,2,2,1,4
Alexander,Manny,alexama02,34,2005,0.08,211,189,26,50,11,1,6,25,3,1,18,38,1,2,1,1,4
Alfaro,Jason,alfarja01,28,2005,0.05,206,184,26,49,9,1,6,24,3,1,17,36,1,2,2,1,5
Alfonzo,Edgardo,alfoned01,32,2005,0.85,547,486,63,136,25,1,13,69,4,1,50,50,4,5,2,4,11
Allen,Luke,allenlu01,27,2005,0.03,200,178,26,48,10,1,6,24,3,1,18,33,1,2,1,1,5
Almonte,Erick,almoner01,27,2005,0.27,211,188,29,51,11,1,5,25,3,1,18,37,1,2,2,1,5
Aquino,Greg,aquingr01,27,2005,0,200,178,25,48,10,1,6,24,3,1,18,32,2,2,1,1,4
Ardoin,Danny,ardoida01,31,2005,0.04,206,182,26,48,9,1,6,24,3,1,20,34,1,2,1,1,4
Baldelli,Rocco,baldero01,24,2005,0.82,551,504,76,147,27,4,14,70,18,5,32,92,3,7,3,5,10
Barker,Kevin,barkeke01,30,2005,0.05,200,179,24,47,9,1,6,23,3,1,17,34,1,2,1,1,4
Barrett,Michael,barremi01,29,2005,0.8,478,427,55,114,25,4,16,59,3,3,38,69,6,4,4,5,12
Bartlett,Jason,bartlja01,26,2005,0.06,207,184,27,49,10,1,6,25,4,1,18,32,2,2,2,1,4
Bell,David,bellda01,33,2005,0.84,536,470,61,123,26,1,15,64,2,1,51,71,3,6,3,6,13
Bell,Heath,bellhe01,28,2005,0,200,178,25,48,10,1,6,24,3,1,18,32,2,2,1,1,4
Bellinger,Clay,bellicl01,37,2005,0,200,179,25,47,9,1,6,23,3,1,17,34,1,2,1,1,4
Biggio,Craig,biggicr01,40,2005,0.87,622,555,86,145,37,1,17,56,8,3,43,100,2,16,6,2,8
Blake,Casey,blakeca01,32,2005,0.83,596,529,79,139,32,2,21,72,6,7,50,116,2,8,4,5,14
Boone,Aaron,booneaa01,32,2005,0.8,265,238,35,61,13,1,10,36,9,2,20,44,1,3,3,1,5
Branyan,Russ,branyru01,30,2005,0.72,312,272,37,65,15,1,15,41,2,1,34,94,1,2,1,3,4
Brooks,Frank,brookfr01,27,2005,0,200,178,25,48,10,1,6,24,3,1,18,32,2,2,1,1,4
Brown,Kevin,brownke04,32,2005,0,200,179,25,47,10,1,6,24,3,1,17,33,1,2,1,1,4
Bruntlett,Eric,brunter01,27,2005,0.31,236,210,32,56,11,1,8,28,5,1,19,41,1,2,2,3,4
Burke,Jamie,burkeja02,34,2005,0.37,267,239,36,69,14,1,5,32,2,1,22,37,1,2,2,2,6
Burroughs,Sean,burrose01,25,2005,0.83,540,490,67,145,24,4,6,52,6,3,38,65,4,8,2,2,9
Cabrera,Daniel,cabreda01,24,2005,0.02,202,180,26,49,10,1,6,25,3,1,18,35,2,2,1,1,4
Cameron,Mike,camermi01,32,2005,0.86,542,473,70,115,26,3,22,69,18,6,58,131,2,6,2,3,8
Caruso,Mike,carusmi01,28,2005,0.05,200,179,26,47,9,1,6,23,3,1,17,32,1,2,1,1,4
Castillo,Luis,castilu01,30,2005,0.87,592,523,82,156,16,5,5,42,22,9,58,66,2,2,7,2,9
Chamblee,Jim,chambji01,30,2005,0.01,200,179,25,47,10,1,6,24,3,1,17,34,1,2,1,1,4
Chapman,Travis,chapmtr01,27,2005,0,200,178,26,48,10,1,6,24,3,1,18,32,2,2,1,1,4
Christensen,McKay,chrismc01,30,2005,0.01,200,178,25,48,10,1,6,24,3,1,18,33,1,2,1,1,4
Clark,Brady,clarkbr02,32,2005,0.76,445,387,46,104,22,1,8,50,13,5,42,57,2,9,2,5,11
Colangelo,Mike,colanmi01,29,2005,0.06,200,178,25,47,10,1,6,23,3,1,17,32,1,2,2,1,4
Cordero,Wil,cordewi01,34,2005,0.71,285,253,33,67,14,0,9,38,2,1,25,53,2,3,1,3,6
Cordova,Marty,cordoma01,36,2005,0.59,204,181,24,46,10,1,7,25,2,2,19,40,1,2,1,1,6
Cota,Humberto,cotahu01,26,2005,0.28,237,215,31,57,10,2,9,27,2,1,18,46,2,2,1,1,4
Crisp,Coco,crispco01,26,2005,0.8,514,467,70,134,23,4,11,55,16,9,35,67,3,1,8,3,7
Cromer,Tripp,crometr01,38,2005,0.01,200,179,24,47,9,2,6,24,3,1,17,33,1,2,1,1,4
Crosby,Bobby,crosbbo01,25,2005,0.73,513,449,61,113,27,1,18,56,6,3,48,106,1,7,4,5,14
Crozier,Eric,crozier01,27,2005,0.14,220,194,28,50,11,1,7,26,3,1,22,45,1,2,1,1,4
Cruz,Ivan,cruziv01,37,2005,0.04,200,179,25,48,9,1,6,24,3,1,17,34,1,2,1,1,4
Cruz Jr.,Jose,cruzjo02,31,2005,0.86,583,501,74,125,25,4,19,70,8,5,71,110,5,2,3,6,9
Daigle,Casey,daiglca01,24,2005,0.07,209,186,27,50,11,1,6,24,3,1,18,36,2,2,2,1,5
Dallimore,Brian,dallibr01,32,2005,0.17,224,199,29,53,10,1,6,28,3,2,19,36,1,3,1,2,4
DeHaan,Kory,dehaako01,29,2005,0.03,200,179,25,47,9,1,6,23,3,1,17,35,1,2,1,1,4
de la Rosa,Jorge,delarjo01,24,2005,0.03,204,181,26,49,10,1,6,25,3,1,18,36,2,2,2,1,4
DePastino,Joe,depasjo01,32,2005,0.01,200,179,25,47,9,1,6,24,3,1,17,34,1,2,1,1,4
Diaz,Juan,diazju01,31,2005,0.02,200,178,26,48,10,1,6,24,3,1,18,33,1,2,1,1,4
Dransfeldt,Kelly,dranske01,30,2005,0.11,215,194,28,54,9,1,6,26,3,1,17,36,1,2,1,1,4
Dubois,Jason,duboija01,26,2005,0.09,212,189,26,51,9,2,7,28,3,1,18,36,1,2,1,2,4
Dunwoody,Todd,dunwoto01,30,2005,0.02,200,178,25,47,9,1,6,24,3,1,17,34,1,2,2,1,4
Ellison,Jason,ellisja01,27,2005,0.05,203,182,29,49,9,1,7,26,4,1,17,33,1,2,1,1,4
Encarnacion,Mario,encarma01,30,2005,0.02,200,178,25,47,9,1,6,23,3,1,18,34,1,2,1,1,4
Erickson,Matt,erickma01,30,2005,0.02,203,182,25,48,10,1,6,24,3,1,17,33,1,2,1,1,4
Falkenborg,Brian,falkebr01,27,2005,0.01,202,179,26,48,10,1,6,24,3,1,19,34,2,2,1,1,4
Fasano,Sal,fasansa01,34,2005,0,200,179,25,47,9,1,6,24,3,1,17,34,1,2,1,1,4
Figgins,Chone,figgich01,27,2005,0.78,546,491,73,144,21,11,6,56,25,10,43,82,1,1,8,3,6
Flores,Jose,florejo01,32,2005,0.03,202,180,25,47,9,1,6,23,3,2,18,34,1,2,1,1,4
Floyd,Gavin,floydga01,22,2005,0.04,205,183,26,49,10,1,6,25,3,1,18,35,2,2,1,1,4
Francis,Jeff,francje01,24,2005,0.06,207,182,26,48,10,1,6,24,3,1,18,34,2,2,4,1,4
Franco,Matt,francma01,36,2005,0.52,215,192,23,52,10,1,6,25,2,1,19,35,1,1,1,2,5
Freel,Ryan,freelry01,29,2005,0.75,511,444,66,123,20,5,7,36,25,8,51,74,1,9,6,1,7
Furcal,Rafael,furcara01,28,2005,0.87,589,531,94,151,26,6,12,53,21,5,48,75,2,2,5,3,6
Galarraga,Andres,galaran01,44,2005,0.65,235,212,26,57,10,0,8,29,2,2,18,51,2,3,1,1,6
Garcia,Danny,garcida03,25,2005,0.48,293,249,37,64,13,1,8,33,4,1,29,51,2,9,4,2,5
Garcia,Luis,garcilu02,30,2005,0.01,200,179,25,48,10,1,6,24,3,1,17,33,1,2,1,1,4
Gathright,Joey,gathrjo01,24,2005,0.19,228,204,33,56,9,1,6,24,7,2,18,40,1,4,1,1,5
Germano,Justin,germaju01,23,2005,0.03,204,181,26,49,10,1,6,25,3,1,18,34,2,2,2,1,4
Gerut,Jody,gerutjo01,28,2005,0.8,526,469,68,125,30,3,16,61,9,5,45,67,4,7,2,3,10
Gettis,Byron,gettiby01,25,2005,0.17,224,195,30,51,10,2,6,24,3,2,23,40,2,3,1,2,4
Gibbons,Jay,gibboja01,28,2005,0.84,458,416,54,110,23,1,17,62,2,1,36,66,4,2,1,3,9
Gipson,Charles,gipsoch01,33,2005,0.21,204,180,31,47,10,2,5,23,5,1,18,34,1,2,3,1,4
Gissell,Chris,gissech01,27,2005,0,200,178,25,48,10,1,6,24,3,1,18,32,2,2,1,1,4
Gomez,Alexis,gomezal01,27,2005,0.13,216,194,25,53,10,1,6,26,3,1,18,37,1,2,1,1,5
Gosling,Mike,goslimi01,25,2005,0.03,204,180,26,48,10,1,6,24,3,1,19,35,2,2,2,1,4
Gotay,Ruben,gotayru01,23,2005,0.41,283,253,34,71,13,3,6,32,2,2,22,51,1,3,2,3,6
Gregorio,Tom,gregoto01,28,2005,0.07,202,180,25,47,9,1,6,24,3,1,17,36,1,3,1,1,4
Grissom,Marquis,grissma02,38,2005,0.85,565,525,74,146,27,3,20,77,6,2,31,86,3,2,2,5,15
Guerrier,Matt,guerrma02,27,2005,0,200,178,25,48,10,1,6,24,3,1,18,33,2,2,1,1,4
Hairston,Jerry,hairsje02,29,2005,0.78,393,341,47,96,20,2,5,33,14,6,33,45,1,7,8,4,6
Hairston,Scott,hairssc01,25,2005,0.6,382,349,45,92,17,5,13,37,4,3,27,79,1,2,2,2,5
Harvey,Ken,harveke01,27,2005,0.79,499,457,52,128,24,1,14,59,3,2,32,88,3,6,2,2,13
Hatteberg,Scott,hattesc01,36,2005,0.86,581,506,68,135,27,1,14,66,1,1,62,57,2,6,3,4,11
Hawpe,Brad,hawpebr01,26,2005,0.33,259,229,31,62,11,2,7,28,3,2,24,52,4,3,1,2,6
Hendrickson,Ben,hendrbe01,24,2005,0.07,208,185,25,50,10,1,6,24,3,1,18,38,2,2,2,1,4
Hennessey,Brad,hennebr01,25,2005,0.06,208,185,26,51,10,1,6,26,3,1,18,34,2,2,1,2,4
Hensley,Matt,henslma01,27,2005,0,200,178,25,48,10,1,6,24,3,1,18,33,2,2,1,1,4
Hernandez,Michel,hernami01,27,2005,0.02,200,178,25,48,10,1,6,24,3,1,18,33,2,2,1,1,4
Hernandez,Ramon,hernara02,29,2005,0.83,470,419,56,112,23,1,16,62,1,0,37,64,1,7,3,4,13
Hill,Koyie,hillko01,26,2005,0.14,219,197,27,54,11,1,6,28,3,1,18,36,2,2,1,1,4
Hinske,Eric,hinsker01,28,2005,0.86,568,502,74,130,32,3,16,68,11,4,57,107,3,3,1,5,12
Hoover,Paul,hoovepa01,29,2005,0.04,200,179,25,47,9,1,6,24,3,1,17,34,1,2,1,1,4
Horgan,Joe,horgajo01,28,2005,0.02,202,180,25,49,10,1,6,25,3,1,18,33,2,2,1,1,4
House,J.R.,housejr01,26,2005,0.04,205,183,26,50,10,1,6,24,3,1,18,33,2,2,1,1,5
Hudson,Orlando,hudsoor01,28,2005,0.82,528,473,64,129,27,6,12,59,6,3,44,89,1,5,2,4,12
Hyzdu,Adam,hyzduad01,34,2005,0.43,213,187,31,47,11,1,8,29,2,1,21,44,1,2,1,2,4
Jackson,Ryan,jacksry01,34,2005,0.02,200,179,24,47,10,1,6,23,3,1,17,34,1,2,1,1,4
Jimenez,D'Angelo,jimenda01,28,2005,0.86,590,517,70,140,24,5,12,59,10,5,65,89,1,2,3,3,11
Johnson,Rontrez,johnsro06,29,2005,0.01,200,179,27,48,10,1,6,24,3,1,17,34,1,2,1,1,4
Justice,David,justida01,39,2005,0.54,200,174,24,45,8,1,5,22,2,1,23,31,1,1,1,1,5
Kelton,David,keltoda01,26,2005,0.08,206,185,26,49,11,1,6,24,3,1,17,36,1,2,1,1,4
Kennedy,Adam,kennead01,29,2005,0.84,518,462,69,131,22,4,11,52,16,5,38,84,4,9,5,4,8
Keppinger,Jeff,keppije01,25,2005,0.34,262,237,29,67,10,1,7,28,4,2,20,33,1,2,1,2,8
Kinkade,Mike,kinkami01,32,2005,0.44,219,190,28,49,10,1,6,24,2,2,17,39,2,10,1,1,6
Knott,Jon,knottjo02,27,2005,0.06,208,186,26,50,11,1,6,25,3,1,18,36,1,2,1,1,4
Koonce,Graham,kooncgr01,30,2005,0.03,201,180,25,47,10,1,6,23,3,1,17,36,1,2,1,1,4
Krynzel,Dave,krynzda01,24,2005,0.16,224,199,29,53,10,1,6,26,3,1,19,41,1,4,1,1,4
Lamb,David,lambda01,30,2005,0.02,200,179,25,47,9,1,6,23,3,1,17,33,1,2,1,1,4
LaRocca,Greg,larocgr01,33,2005,0.15,201,178,28,48,10,1,5,22,3,1,18,31,1,3,1,1,4
Latham,Chris,lathach01,32,2005,0.01,200,179,27,49,9,1,6,24,3,1,17,33,1,2,1,1,4
Lawton,Matt,lawtoma02,34,2005,0.85,583,509,85,132,23,1,18,65,14,7,62,70,2,9,1,2,15
LeCroy,Matt,lecroma01,30,2005,0.75,381,348,40,95,19,1,14,55,1,1,26,77,1,4,1,2,9
Ledee,Ricky,ledeeri01,32,2005,0.71,332,288,42,71,16,1,12,44,3,1,39,67,3,2,1,2,6
Lee,Travis,leetr01,30,2005,0.78,271,241,31,65,14,1,8,32,3,1,26,45,3,1,1,2,6
Leone,Justin,leoneju01,28,2005,0.32,258,229,33,58,12,1,10,31,3,1,22,52,1,4,2,1,4
Lofton,Kenny,loftoke01,38,2005,0.83,418,372,64,101,19,6,8,33,15,5,38,47,2,2,3,3,4
Logan,Nook,loganno01,26,2005,0.39,276,243,30,68,12,2,5,28,8,2,24,44,1,2,5,2,4
Lopez,Mickey,lopezmi01,32,2005,0.02,203,180,26,48,9,1,6,24,3,1,18,33,1,3,1,1,4
Majewski,Val,majewva01,24,2005,0.05,206,184,28,50,11,1,6,25,3,1,18,32,2,2,1,1,4
Marrero,Eli,marreel01,32,2005,0.73,352,315,45,87,18,2,12,50,6,2,29,60,4,1,3,4,5
Martinez,Tino,martiti02,38,2005,0.85,524,457,61,119,22,1,18,68,3,1,54,73,7,7,1,5,11
McConnell,Sam,mcconsa02,30,2005,0,200,179,25,48,10,1,6,24,3,1,17,33,2,2,1,1,4
McDonald,Donzell,mcdondo01,30,2005,0.06,200,177,25,47,10,1,6,23,3,1,18,33,1,2,1,2,4
McGriff,Fred,mcgrifr01,42,2005,0.75,273,244,29,61,12,1,11,37,1,1,26,52,3,2,0,1,6
McKeel,Walt,mckeewa01,33,2005,0.03,200,179,25,48,9,1,6,23,3,1,17,34,1,2,1,1,4
McPherson,Dallas,mcpheda01,25,2005,0.15,222,199,28,53,10,1,8,28,4,1,19,43,1,2,1,1,4
Melhuse,Adam,melhuad01,33,2005,0.56,324,294,38,78,17,1,13,42,2,1,26,62,2,1,2,1,6
Mendez,Donaldo,mendedo01,27,2005,0.24,209,185,26,49,11,1,6,24,3,1,18,43,2,3,1,2,3
Menechino,Frank,menecfr01,34,2005,0.67,366,315,45,79,14,3,10,35,2,2,42,63,2,5,2,2,7
Meyers,Chad,meyerch02,30,2005,0,200,179,26,48,10,1,6,24,3,1,17,33,2,2,1,1,4
Mientkiewicz,Doug,mientdo01,31,2005,0.84,481,414,55,111,27,1,9,50,3,2,56,60,4,5,2,4,9
Minor,Damon,minorda01,31,2005,0.45,237,204,28,52,9,1,7,27,2,1,26,43,3,4,1,2,6
Molina,Izzy,moliniz01,34,2005,0.01,200,179,25,47,9,1,6,24,3,1,17,33,1,2,1,1,4
Molina,Yadier,molinya01,23,2005,0.39,276,245,31,68,13,1,7,32,2,2,25,40,4,2,2,2,6
Monroe,Craig,monrocr01,28,2005,0.78,486,447,61,121,24,2,20,70,4,4,32,85,2,3,1,3,9
Moriarty,Mike,moriami01,31,2005,0.04,200,179,24,47,10,1,6,24,3,2,17,33,1,2,1,1,5
Mottola,Chad,mottoch01,34,2005,0.06,208,186,26,48,10,1,7,26,3,1,18,35,1,2,1,1,5
Murphy,Donnie,murphdo01,22,2005,0.1,214,192,26,52,12,1,6,27,4,1,18,36,2,2,1,1,5
Nady,Xavier,nadyxa01,27,2005,0.63,282,255,34,69,13,1,8,31,4,1,20,49,1,4,2,1,9
Nelson,Bry,nelsobr01,31,2005,0.09,200,177,26,48,10,1,5,23,3,1,18,30,1,2,2,1,4
Ortiz,Hector,ortizhe01,36,2005,0.04,200,179,24,47,10,1,6,24,3,1,17,33,1,2,1,1,4
Otsuka,Akinori,otsukak01,33,2005,0,200,179,25,47,9,1,6,24,3,1,17,33,1,2,1,1,4
Patterson,Corey,patteco01,26,2005,0.85,578,534,76,147,28,6,19,67,22,6,33,128,4,5,3,3,7
Pelaez,Alex,pelaeal01,29,2005,0.02,200,179,25,48,9,1,6,24,3,1,17,32,1,2,1,1,5
Perez,Antonio,perezan01,25,2005,0.35,222,193,31,52,11,1,5,24,5,1,22,42,1,3,2,2,3
Perez,Eduardo,perezed01,36,2005,0.61,250,221,33,56,13,0,9,34,3,1,23,47,1,3,1,2,6
Perry,Chan,perrych01,33,2005,0.03,200,179,24,47,9,1,6,25,3,1,17,33,1,2,1,1,4
Phillips,Andy,phillan01,28,2005,0.03,204,183,26,49,10,1,7,26,3,1,17,33,2,2,1,1,5
Phillips,Paul,phillpa01,28,2005,0.02,203,181,27,49,10,1,6,24,3,1,17,33,2,3,1,1,4
Pierre,Juan,pierrju01,28,2005,0.88,649,586,89,181,23,7,4,44,42,15,43,44,1,7,11,2,8
Pierzynski,A.J.,pierzaj01,29,2005,0.84,508,466,56,135,30,3,11,68,2,1,23,52,6,13,2,4,17
Qualls,Chad,quallch01,27,2005,0,200,178,25,48,10,1,6,24,3,1,18,33,2,2,1,1,4
Quinn,Mark,quinnma01,31,2005,0.17,200,179,25,47,10,1,6,24,3,1,16,34,1,3,1,1,5
Raburn,Ryan,raburry01,24,2005,0.11,216,193,28,51,10,1,6,25,4,1,19,42,1,2,1,1,4
Ramirez,Julio,ramirju01,28,2005,0.09,200,178,27,48,9,1,6,25,3,2,17,36,1,2,2,1,4
Randa,Joe,randajo01,36,2005,0.85,526,471,64,131,29,2,11,62,2,1,39,70,1,6,3,7,11
Redman,Prentice,redmapr01,26,2005,0.08,203,180,26,47,10,1,6,24,4,1,17,36,1,3,2,1,4
Reyes,Jose,reyesjo01,22,2005,0.66,344,318,52,92,19,3,7,35,17,3,19,47,1,1,4,2,3
Rios,Alexis,riosal01,24,2005,0.66,430,391,54,114,22,5,5,36,12,3,33,74,1,3,2,1,11
Rogers,Eddie,rogered01,27,2005,0.01,200,178,25,48,10,1,6,24,3,1,18,32,2,2,1,1,4
Rollins,Jimmy,rolliji01,27,2005,0.88,631,569,89,157,36,8,11,62,22,9,51,86,3,3,5,3,8
Romero,Mandy,romerma01,38,2005,0.03,201,179,25,47,10,1,6,23,3,1,17,34,1,3,1,1,5
Rose,Mike,rosemi01,29,2005,0.01,201,180,26,48,10,1,6,24,3,1,17,34,2,2,1,1,4
Salazar,Oscar,salazos01,27,2005,0.05,200,178,25,48,10,1,6,25,3,1,17,32,1,2,2,1,4
Sandberg,Jared,sandbja01,27,2005,0.6,216,191,28,47,12,1,9,29,2,1,21,58,2,2,1,1,4
Santos,Angel,santoan01,26,2005,0.21,208,187,26,50,10,1,7,23,3,1,16,36,1,2,2,1,3
Santos,Francisco,santofr01,31,2005,0.05,202,181,25,48,10,1,6,24,3,1,17,34,1,2,1,1,4
Sardinha,Dane,sardida01,26,2005,0.01,200,178,26,48,10,1,6,24,3,1,18,33,2,2,1,1,4
Sears,Todd,searsto01,30,2005,0.23,208,185,26,49,10,1,6,25,2,1,18,36,1,2,1,2,5
Seguignol,Fernando,seguife01,30,2005,0.03,201,179,25,47,9,1,6,23,3,1,18,34,1,2,1,1,4
Shelton,Chris,sheltch01,25,2005,0.19,228,199,29,52,10,1,6,25,3,1,24,40,1,2,1,2,5
Simpson,Allan,simpsal01,28,2005,0,200,178,25,48,10,1,6,24,3,1,18,32,2,2,1,1,4
Snead,Esix,sneades01,29,2005,0.03,200,179,26,48,9,1,6,25,5,2,17,34,1,2,1,1,4
Snelling,Chris,snellch02,24,2005,0.07,200,178,25,48,9,1,6,25,3,1,18,31,1,2,1,1,5
Snyder,Earl,snydeea01,29,2005,0.15,202,179,24,47,9,1,6,23,2,1,18,38,1,2,2,1,5
Strong,Jamal,stronja01,27,2005,0.01,200,178,27,48,10,1,6,24,3,1,18,32,2,2,1,1,4
Sweeney,Mark,sweenma01,36,2005,0.59,318,278,36,70,17,2,10,44,2,1,34,69,2,2,1,3,5
Szuminski,Jason,szumija01,27,2005,0,200,178,25,48,10,1,6,24,3,1,18,33,2,2,1,1,4
Tarasco,Tony,tarasto01,35,2005,0.21,200,178,26,47,9,1,7,25,3,1,17,32,1,2,1,2,4
Thames,Marcus,thamema01,28,2005,0.52,300,267,39,69,16,1,11,40,2,2,26,59,1,4,1,2,6
Thurston,Joe,thursjo01,26,2005,0.13,210,186,26,51,10,2,6,24,3,1,17,34,1,2,2,3,4
Tonis,Mike,tonismi01,26,2005,0.03,204,181,26,48,10,1,6,24,3,1,19,32,2,2,1,1,5
Torrealba,Steve,torrest01,27,2005,0.05,200,177,25,47,9,1,6,24,3,1,18,33,1,2,2,1,4
Tracy,Andy,tracyan01,32,2005,0.07,208,186,25,49,10,1,6,24,3,1,18,39,1,2,1,1,4
Tracy,Chad,tracych01,25,2005,0.69,466,418,47,120,25,3,9,51,3,3,41,59,3,1,2,4,9
Ugueto,Luis,uguetlu01,26,2005,0.08,201,179,36,48,9,1,6,24,7,3,18,34,1,2,1,1,4
Uribe,Juan,uribeju01,26,2005,0.83,511,464,69,126,26,5,15,58,8,5,31,90,1,4,8,4,9
Valderrama,Carlos,valdeca02,28,2005,0.02,201,180,25,48,10,1,6,24,3,1,17,34,1,2,1,1,4
Valent,Eric,valener01,28,2005,0.59,354,318,44,85,16,2,12,39,2,1,31,66,4,2,1,2,9
Ventura,Robin,venturo01,38,2005,0.78,333,287,36,70,11,1,12,46,1,1,42,62,3,1,1,2,8
Wathan,Dusty,wathadu01,32,2005,0.01,200,179,25,48,10,1,6,24,3,1,17,33,1,2,1,1,4
Watson,Matt,watsoma02,27,2005,0.08,202,180,24,48,10,1,6,24,3,1,17,33,1,2,2,1,4
Wesson,Barry,wessoba01,28,2005,0.08,201,180,25,48,9,1,6,25,3,1,17,35,1,2,1,1,5
White,Rondell,whitero02,33,2005,0.84,502,455,66,122,22,2,18,69,2,3,34,81,3,8,1,4,12
Wright,Ron,wrighro02,29,2005,0.01,200,179,25,48,10,1,6,24,3,1,17,33,2,2,1,1,5
Wuertz,Michael,wuertmi01,27,2005,0,200,178,25,48,10,1,6,24,3,1,18,33,2,2,1,1,4
Young,Ernie,younger02,36,2005,0.07,204,180,24,48,9,1,6,22,3,2,20,37,1,2,1,1,5
Abad,Andy,abadan01,33,2005,0.06,202,180,24,46,9,1,6,23,3,2,18,35,1,2,1,1,5
Agbayani,Benny,agbaybe01,34,2005,0.3,200,179,23,45,9,1,6,26,2,1,18,38,1,1,1,1,5
Alcantara,Israel,alcanis01,34,2005,0.07,200,180,24,47,9,1,6,24,3,2,16,34,1,2,1,1,4
Andrews,Shane,andresh01,34,2005,0.04,200,179,25,46,10,1,6,23,3,1,17,34,1,2,1,1,4
Arias,Alex,ariasal01,38,2005,0.02,200,179,24,46,9,1,6,23,3,1,17,34,1,2,1,1,4
Atkins,Garrett,atkinga01,26,2005,0.28,224,200,26,53,10,1,6,28,2,1,19,36,1,2,1,2,4
Aven,Bruce,avenbr01,33,2005,0.05,200,178,24,46,9,1,6,23,3,1,18,33,1,2,1,1,5
Baerga,Carlos,baergca01,37,2005,0.62,270,245,30,69,13,0,6,35,3,1,19,35,1,3,1,2,9
Banks,Brian,banksbr01,35,2005,0.4,218,190,23,49,9,1,6,27,3,1,22,41,1,2,2,2,4
Bard,Josh,bardjo01,27,2005,0.59,244,221,26,58,11,1,7,29,1,1,19,37,1,1,1,2,6
Barnes,Larry,barnela01,31,2005,0.12,204,184,24,48,10,1,5,23,3,1,16,35,1,2,1,1,4
Bautista,Danny,bautida01,33,2005,0.8,522,478,58,134,24,3,11,60,6,3,35,72,3,4,2,3,15
Belliard,Ron,belliro01,30,2005,0.84,582,522,72,141,36,1,11,60,5,3,51,87,3,3,4,2,13
Berroa,Angel,berroan01,27,2005,0.82,540,488,73,135,26,5,12,54,14,5,29,85,2,12,7,4,10
Betemit,Wilson,betemwi01,25,2005,0.18,226,201,26,52,9,1,6,25,3,2,20,42,1,2,1,2,4
Bowen,Rob,bowenro01,24,2005,0.15,217,191,25,49,9,1,6,25,3,1,20,39,1,2,2,2,5
Buchanan,Brian,buchabr01,32,2005,0.63,259,230,32,59,11,1,9,30,4,2,23,56,2,3,1,2,7
Buck,John,buckjo01,25,2005,0.52,329,297,45,77,14,1,13,40,3,2,24,76,1,2,4,2,7
Budzinski,Mark,budzima01,32,2005,0.02,201,180,25,47,9,1,6,23,3,1,17,35,1,2,1,1,4
Burke,Chris,burkech01,25,2005,0.08,210,186,27,48,10,1,6,24,3,1,20,33,2,2,1,1,4
Burkhart,Morgan,burkhmo01,33,2005,0.05,202,181,25,47,9,1,6,23,3,1,17,33,1,2,1,1,4
Burnett,Sean,burnese01,23,2005,0.1,214,189,25,48,10,1,6,24,3,1,19,35,2,2,3,1,4
Byrd,Marlon,byrdma01,28,2005,0.78,444,400,62,108,20,3,8,41,6,2,33,77,2,6,3,2,9
Cabrera,Orlando,cabreor01,31,2005,0.87,606,550,72,151,37,2,12,62,17,4,43,59,2,2,4,7,15
Cairo,Miguel,cairomi01,31,2005,0.76,433,384,55,104,20,4,8,48,8,2,25,58,2,10,9,5,8
Carroll,Jamey,carroja01,31,2005,0.68,354,309,47,85,17,3,4,27,6,2,33,47,1,3,6,3,8
Castilla,Vinny,castivi02,38,2005,0.86,582,535,70,138,30,3,23,87,2,1,35,93,4,5,1,6,20
Castro,Ramon A.,castrra02,26,2005,0.06,208,186,27,49,10,1,6,26,3,1,18,34,2,2,1,1,5
Chen,Chin-Feng,chench01,28,2005,0.06,205,182,26,47,9,1,6,23,3,1,19,35,1,2,1,1,5
Cintron,Alex,cintral01,27,2005,0.81,555,503,65,143,29,6,9,53,3,3,36,56,2,3,9,4,10
Clark,Howie,clarkho02,31,2005,0.49,274,243,33,65,13,1,6,28,2,1,22,37,1,3,4,2,7
Collier,Lou,collilo01,32,2005,0.18,221,195,29,51,10,1,6,25,3,2,20,39,2,3,2,1,5
Conine,Jeff,coninje01,39,2005,0.85,554,500,61,135,30,2,16,75,6,2,41,75,4,3,2,8,13
Coolbaugh,Mike,coolbmi01,33,2005,0.03,200,178,24,46,9,1,6,23,3,1,17,34,1,2,2,1,4
Cox,Steve,coxst01,31,2005,0.61,200,178,23,46,10,1,6,24,2,0,18,35,1,2,0,2,4
Crawford,Carl,crawfca02,24,2005,0.85,602,560,82,164,23,12,9,56,43,10,32,83,3,2,4,4,4
Crede,Joe,credejo01,27,2005,0.83,530,482,66,126,26,1,20,70,2,2,34,79,1,7,3,4,11
Cruz,Jacob,cruzja01,32,2005,0.49,284,249,36,63,13,1,7,36,3,1,27,57,2,5,1,2,7
Dawkins,Travis,dawkitr01,26,2005,0.13,200,176,23,45,9,1,5,21,3,1,19,38,1,2,2,1,4
Dellucci,David,delluda01,32,2005,0.76,418,364,55,89,17,2,13,53,10,3,44,89,4,5,2,3,8
Diaz,Matt,diazma02,27,2005,0.12,213,190,28,49,10,2,6,25,3,1,18,37,1,3,1,1,4
Dobbs,Greg,dobbsgr01,27,2005,0.19,228,205,27,54,10,1,6,30,3,1,17,41,1,3,1,2,4
Dominique,Andy,dominan01,30,2005,0.04,206,185,25,49,9,1,6,24,3,1,17,35,1,2,1,1,4
Donnels,Chris,donnech01,39,2005,0.19,200,177,22,45,9,1,6,25,2,1,18,33,2,2,1,2,4
Durrington,Trent,durritr01,30,2005,0.3,245,220,34,56,10,3,7,24,6,2,20,45,1,2,2,1,4
Dye,Jermaine,dyeje01,31,2005,0.82,520,462,70,115,23,2,18,67,4,1,46,102,3,6,1,5,15
Ellis,Mark,ellisma01,28,2005,0.76,262,230,35,61,12,2,5,25,3,1,23,40,2,3,4,2,3
Encarnacion,Juan,encarju01,29,2005,0.86,531,482,65,126,27,3,17,69,11,5,37,83,1,5,3,4,13
Escobar,Alex,escobal01,27,2005,0.53,300,262,38,67,13,2,7,31,3,1,30,64,2,3,3,2,3
Estalella,Bobby,estalbo02,31,2005,0.5,232,202,28,47,11,1,10,31,2,1,23,56,1,2,2,3,5
Feliz,Pedro,felizpe01,30,2005,0.77,490,458,63,122,25,3,20,74,5,2,26,85,2,1,1,4,14
Franco,Julio,francju01,47,2005,0.76,403,358,46,99,18,2,8,49,4,2,38,79,4,2,2,3,12
Freeman,Choo,freemch01,26,2005,0.3,252,221,34,55,11,2,6,30,3,2,26,43,2,2,2,1,7
Gant,Ron,gantro01,40,2005,0.51,204,182,28,45,8,1,8,28,2,2,18,36,1,1,1,2,4
Glavine,Mike,glavimi01,32,2005,0.02,201,180,25,47,9,1,6,23,3,1,17,34,1,2,1,1,4
Gomes,Jonny,gomesjo01,25,2005,0.1,209,186,25,48,10,1,6,24,3,1,18,38,1,3,1,1,4
Graffanino,Tony,graffto01,33,2005,0.74,385,342,53,89,17,2,8,38,8,2,33,54,1,4,4,2,5
Green,Nick,greenni01,27,2005,0.55,345,311,46,85,17,3,7,36,3,2,22,66,2,4,6,2,3
Greene,Todd,greento02,34,2005,0.65,326,304,39,79,17,1,15,43,2,1,17,62,3,2,1,2,9
Greer,Rusty,greerru01,36,2005,0.35,200,180,24,49,9,1,4,21,2,1,17,27,1,1,1,1,4
Gross,Gabe,grossga01,26,2005,0.38,274,241,35,61,11,1,7,32,4,2,29,49,1,2,1,1,4
Grudzielanek,Mark,grudzma01,35,2005,0.81,392,360,47,104,20,1,6,34,3,1,22,55,1,4,4,2,10
Guiel,Aaron,guielaa01,33,2005,0.73,319,281,41,69,17,0,10,38,3,3,26,63,1,7,2,3,4
Guzman,Freddy,guzmafr01,24,2005,0.25,240,216,30,57,11,1,6,26,6,3,19,38,1,3,1,1,4
Hammonds,Jeffrey,hammoje01,34,2005,0.69,271,238,31,59,14,1,7,24,3,1,27,48,1,3,1,2,6
Hammock,Robby,hammoro01,28,2005,0.61,327,297,40,79,19,2,9,37,5,3,25,60,5,2,1,2,9
Hansen,Dave,hanseda01,37,2005,0.58,280,242,31,62,11,1,6,30,2,1,33,47,4,2,1,2,8
Harikkala,Tim,harikti01,34,2005,0.02,202,180,25,47,9,1,6,24,3,1,17,36,1,2,2,1,4
Harris,Brendan,harribr01,25,2005,0.21,232,208,27,53,11,1,6,25,3,1,19,38,1,3,1,1,4
Hart,Bo,hartbo01,29,2005,0.53,239,217,32,59,10,2,5,25,3,1,15,44,1,3,3,1,3
Helms,Wes,helmswe01,29,2005,0.78,407,363,41,95,19,1,12,46,1,1,32,88,2,6,1,5,9
Hernandez,Jose,hernajo01,36,2005,0.81,376,339,44,87,15,2,13,43,3,2,33,107,3,2,0,2,9
Higginson,Bobby,higgibo02,35,2005,0.84,519,452,59,113,21,3,13,59,7,4,55,74,4,5,2,5,10
Hill,Bobby,hillbo01,27,2005,0.63,334,293,40,79,12,2,6,36,4,2,28,54,3,9,3,1,9
Houston,Tyler,houstty01,34,2005,0.55,210,191,22,52,11,1,5,25,2,1,14,37,2,2,2,1,5
Infante,Omar,infanom01,24,2005,0.77,502,452,61,122,23,5,12,47,11,5,39,88,2,2,5,4,5
Izturis,Maicer,izturma01,25,2005,0.34,260,230,30,59,12,2,6,24,5,1,23,42,2,3,3,1,4
Jensen,Marcus,jensema01,33,2005,0.09,200,177,24,45,9,1,6,23,3,1,18,35,2,2,1,2,5
Johnson,Charles,johnsch04,34,2005,0.78,422,365,47,86,22,0,15,56,2,2,48,92,3,3,2,4,9
Johnson,Reed,johnsre02,29,2005,0.8,537,488,73,136,24,2,11,60,6,3,30,87,2,14,2,3,13
Johnson,Russ,johnsru01,32,2005,0.25,200,176,25,45,9,1,5,23,4,2,19,33,1,2,2,1,4
Jones,Jason,jonesja05,29,2005,0.29,212,188,25,48,10,1,6,24,2,1,18,36,1,3,1,2,4
Jordan,Brian,jordabr01,38,2005,0.76,342,308,41,81,16,1,10,42,2,2,26,54,3,4,1,3,7
Kata,Matt,katama01,27,2005,0.64,321,288,39,76,16,3,7,31,5,2,26,53,2,2,3,2,4
Klassen,Danny,klassda01,30,2005,0.21,208,186,26,49,10,1,5,24,2,2,17,42,1,2,2,1,4
Kroeger,Josh,kroegjo01,23,2005,0.19,228,206,28,53,12,1,6,25,3,2,18,45,1,2,1,1,5
Labandeira,Josh,labanjo01,26,2005,0.06,207,186,25,48,10,1,6,24,3,1,17,35,2,2,1,1,5
LaRue,Jason,larueja01,31,2005,0.81,466,410,53,102,23,2,15,57,2,2,33,114,5,18,2,3,10
Lewis,Darren,lewisda01,38,2005,0.19,200,177,23,46,9,1,5,22,3,2,17,32,1,3,2,1,3
Linden,Todd,lindeto01,25,2005,0.23,224,197,28,51,10,1,6,26,3,1,20,37,1,3,3,1,5
Lo Duca,Paul,loducpa01,33,2005,0.86,560,506,63,140,29,2,10,61,3,3,36,50,3,8,6,4,18
Lopez,Felipe,lopezfe01,25,2005,0.73,370,328,46,82,19,3,9,38,6,3,34,89,1,3,3,2,4
Lopez,Luis,lopezlu03,32,2005,0.1,214,192,24,49,9,1,6,23,3,1,17,39,1,3,1,1,5
Ludwick,Ryan,ludwiry01,27,2005,0.51,244,221,27,57,12,1,8,30,3,1,19,53,1,2,1,1,4
Lugo,Julio,lugoju01,30,2005,0.85,583,520,72,141,28,3,12,64,15,4,48,102,2,4,6,5,8
Luna,Hector,lunahe01,25,2005,0.44,296,264,39,71,13,2,7,36,7,3,24,51,1,3,2,3,5
Mackowiak,Rob,mackoro01,29,2005,0.8,497,440,60,112,21,4,16,61,11,3,44,110,3,7,2,4,4
Magruder,Chris,magruch01,28,2005,0.55,254,228,31,58,14,2,7,28,2,1,19,47,2,3,2,2,6
Mahoney,Mike,mahonmi02,33,2005,0.07,200,178,24,47,10,1,5,23,3,1,17,35,2,2,2,1,4
Malloy,Marty,malloma01,33,2005,0.07,200,178,24,46,9,1,5,23,3,1,17,35,1,2,2,1,4
Martinez,Sandy,martisa01,35,2005,0.02,203,182,25,47,9,1,6,23,3,1,17,36,1,2,1,1,4
Matos,Luis,matoslu01,27,2005,0.76,428,387,53,104,21,2,10,40,12,5,27,74,2,6,6,2,8
Matsui,Kazuo,matsuka01,30,2005,0.68,454,408,58,110,26,2,9,44,11,3,37,83,4,3,4,2,5
Matthews,Gary,matthga02,31,2005,0.8,410,365,53,97,23,2,9,41,9,4,39,76,3,2,2,2,5
McDonald,Darnell,mcdonda02,27,2005,0.12,217,195,27,50,10,1,6,24,4,1,18,35,1,2,1,1,4
McMillon,Billy,mcmilbi01,34,2005,0.5,268,238,29,59,13,1,8,33,2,1,24,51,1,3,1,2,5
Meluskey,Mitch,melusmi01,32,2005,0.11,201,177,24,46,9,1,5,23,3,1,19,32,1,2,1,2,4
Merloni,Lou,merlolo01,34,2005,0.68,328,288,39,77,16,2,6,35,3,3,29,59,2,4,4,3,8
Mondesi,Raul,mondera01,34,2005,0.81,332,298,43,75,17,1,12,41,8,4,30,58,2,2,0,2,6
Munson,Eric,munsoer01,28,2005,0.74,414,367,41,87,15,1,19,55,3,1,37,83,3,4,2,4,4
Nieves,Jose,nievejo01,30,2005,0.2,200,181,27,50,8,1,5,22,3,1,15,32,1,2,1,1,4
Nix,Laynce,nixla01,25,2005,0.7,420,385,59,101,21,3,15,54,4,1,28,101,3,2,2,3,6
Ojeda,Augie,ojedaau01,31,2005,0.37,239,209,31,55,9,1,6,24,3,1,22,31,2,2,4,2,4
Ojeda,Miguel,ojedami01,30,2005,0.56,303,268,35,69,11,1,10,40,2,1,28,53,2,3,1,3,4
Olson,Tim,olsonti01,27,2005,0.32,257,225,28,55,14,1,7,25,3,1,27,41,1,2,2,1,6
Ordaz,Luis,ordazlu01,30,2005,0.22,200,175,24,46,8,1,5,20,3,2,18,31,1,2,3,2,4
Orie,Kevin,orieke01,33,2005,0.08,200,179,25,48,10,1,5,24,3,1,16,32,1,2,1,2,4
Ortiz,Jose,ortizjo02,28,2005,0.35,200,177,24,47,9,1,4,20,2,1,17,31,1,2,2,2,4
Ozuna,Pablo,ozunapa01,31,2005,0.22,204,182,24,48,9,2,5,21,4,1,15,31,1,3,2,2,5
Pascucci,Val,pascuva01,27,2005,0.24,237,207,28,52,10,1,7,27,3,1,24,46,2,3,1,2,6
Patterson,Jarrod,patteja01,32,2005,0.08,202,180,25,47,9,1,5,22,3,1,18,35,2,2,1,1,4
Pellow,Kit,pelloki01,32,2005,0.45,269,240,33,63,12,2,7,28,3,1,21,62,2,5,1,2,6
Peralta,Jhonny,peraljh01,23,2005,0.5,241,213,27,56,11,1,5,25,2,2,21,47,1,3,2,2,4
Perry,Herb,perryhe01,36,2005,0.66,279,250,32,64,11,1,10,37,2,1,21,40,1,4,2,2,7
Petrick,Ben,petribe01,28,2005,0.41,213,192,27,48,10,1,7,24,2,1,17,44,1,2,1,1,4
Phillips,Jason,phillja04,29,2005,0.77,451,398,45,104,22,1,10,49,1,1,39,54,4,8,2,4,14
Piatt,Adam,piattad01,29,2005,0.46,214,192,24,49,13,1,7,26,3,2,17,47,1,2,1,2,3
Podsednik,Scott,podsesc01,29,2005,0.84,619,553,83,150,26,6,11,50,45,9,53,94,2,5,6,2,9
Porter,Colin,porteco01,30,2005,0.2,221,201,27,54,9,1,6,23,3,1,16,49,1,2,1,1,6
Prieto,Alex,prietal01,29,2005,0.16,219,195,27,51,10,1,6,25,3,2,19,40,1,2,1,2,5
Quintero,Humberto,quinthu01,26,2005,0.29,241,216,28,58,11,1,7,29,2,2,20,42,2,2,1,2,7
Quiroz,Guillermo,quirogu01,24,2005,0.19,228,204,26,54,11,1,6,28,3,1,18,35,1,3,1,2,4
Ransom,Cody,ransoco01,29,2005,0.3,242,216,35,57,13,1,6,29,4,2,20,49,2,2,3,1,5
Redman,Tike,redmati01,28,2005,0.76,515,476,63,138,22,5,9,48,14,5,28,53,2,4,4,3,6
Richard,Chris,richach01,31,2005,0.35,203,181,23,46,10,1,6,24,2,2,17,35,1,2,1,2,4
Riggs,Adam,riggsad01,33,2005,0.28,226,201,28,51,12,1,6,24,5,2,20,39,1,2,2,1,6
Rivas,Luis,rivaslu01,26,2005,0.8,431,393,57,105,21,6,10,43,13,3,25,61,1,3,7,3,12
Roberts,Brian,roberbr01,28,2005,0.84,618,545,85,148,35,3,7,51,24,8,58,81,2,2,9,4,7
Ruan,Wilkin,ruanwi01,27,2005,0.14,204,184,25,49,10,1,5,24,3,1,16,33,1,2,1,1,4
Santiago,Benito,santibe01,40,2005,0.78,338,310,37,83,16,2,10,43,2,2,21,55,2,2,2,3,11
Segui,David,seguida01,39,2005,0.58,258,230,29,61,11,1,6,29,2,1,24,49,2,2,1,1,7
Sheets,Andy,sheetan01,34,2005,0.29,200,180,24,47,8,1,6,25,3,2,16,38,1,1,1,2,3
Smith,Bobby,smithbo06,31,2005,0.14,200,180,23,46,9,1,6,23,2,1,16,39,1,2,1,1,4
Smith,Mark,smithma03,35,2005,0.19,207,185,25,48,10,1,7,25,2,1,17,36,1,2,1,2,6
Smitherman,Stephen,smithst02,27,2005,0.14,205,183,24,47,10,1,6,25,3,1,18,34,1,2,1,1,4
Sojo,Luis,sojolu01,40,2005,0.01,200,179,24,46,9,1,6,23,3,1,17,33,1,2,1,1,4
Sorensen,Zach,sorenza01,28,2005,0.13,204,180,24,46,9,1,6,23,3,3,20,37,1,2,1,1,4
Spencer,Shane,spencsh01,33,2005,0.76,347,308,35,80,16,1,9,40,4,1,30,66,1,3,2,4,5
Stinnett,Kelly,stinnke01,35,2005,0.56,255,225,27,57,12,1,7,27,2,1,22,54,2,4,3,1,4
Surhoff,B.J.,surhobj01,41,2005,0.75,424,383,47,108,18,1,8,50,3,2,34,52,3,2,3,2,8
Sutton,Larry,suttola01,35,2005,0.07,203,181,25,46,9,1,6,25,3,1,18,37,1,2,1,1,4
Swann,Pedro,swannpe01,35,2005,0.08,202,181,26,46,9,1,6,24,3,1,17,37,1,2,1,1,4
Taguchi,So,tagucso01,36,2005,0.52,309,273,40,75,14,2,8,39,6,3,22,45,2,3,8,3,8
Terrero,Luis,terrelu01,25,2005,0.52,328,291,35,77,17,1,7,29,9,2,28,76,3,6,2,1,6
Thompson,Ryan,thompry01,38,2005,0.27,200,181,24,47,10,1,7,26,2,1,15,39,1,2,1,1,6
Torrealba,Yorvit,torreyo01,27,2005,0.66,320,283,36,74,15,3,8,39,3,1,27,51,3,3,5,2,9
Trammell,Bubba,trammbu01,34,2005,0.58,206,182,24,45,9,1,6,24,1,1,20,33,1,2,1,1,3
Treanor,Matt,treanma01,29,2005,0.2,230,206,29,54,10,1,5,23,3,1,19,40,1,3,1,1,6
Tucker,Michael,tuckemi01,34,2005,0.84,517,451,69,115,23,5,13,59,10,6,54,101,3,3,6,3,7
Utley,Chase,utleych01,27,2005,0.63,359,325,43,86,17,2,12,58,5,1,25,53,2,5,1,3,7
Valdez,Wilson,valdewi01,27,2005,0.16,223,200,30,53,10,1,6,26,3,3,18,34,1,2,2,1,5
Valentin,John,valenjo02,38,2005,0.38,200,176,21,45,10,1,5,24,2,1,17,33,1,4,1,2,4
Valentin,Jose,valenjo03,36,2005,0.84,509,454,69,106,22,3,25,67,6,4,44,114,3,3,5,3,7
Vander Wal,John,vandejo02,39,2005,0.68,265,236,32,57,15,1,9,28,2,1,26,66,2,1,1,1,5
Vaughn,Mo,vaughmo01,38,2005,0.63,210,185,25,46,8,0,8,27,1,1,21,48,2,3,0,1,5
Velandia,Jorge,velanjo01,30,2005,0.19,207,180,24,46,10,1,5,24,2,1,20,36,2,2,3,2,4
Vizquel,Omar,vizquom01,38,2005,0.84,554,487,71,131,24,3,9,52,14,6,48,59,1,3,11,5,11
Wigginton,Ty,wiggity01,28,2005,0.82,536,484,64,128,30,3,15,64,8,2,43,91,4,5,1,3,13
Williams,Matt,willima04,40,2005,0.53,216,191,26,49,9,1,7,27,2,1,19,38,1,2,1,3,5
Wilson,Jack,wilsoja02,28,2005,0.86,608,556,71,157,29,6,10,58,6,3,34,73,2,4,10,4,11
Witt,Kevin,wittke01,29,2005,0.49,229,208,25,56,9,1,8,24,2,1,16,46,1,2,1,2,4
Yates,Tyler,yatesty01,28,2005,0.05,206,184,25,48,9,1,6,24,3,1,17,36,1,2,2,1,4
Young,Eric,younger01,38,2005,0.83,455,400,58,106,22,2,7,32,18,8,42,42,1,6,4,3,10
Young,Kevin,youngke01,36,2005,0.62,210,187,24,46,10,1,6,22,2,2,20,41,1,2,0,1,4
Allen,Chad,allench01,30,2005,0.27,234,211,25,54,12,2,5,25,2,2,16,41,1,2,3,2,5
Alomar,Roberto,alomaro01,37,2005,0.82,355,314,41,81,15,2,6,31,6,2,31,51,2,2,5,3,8
Anderson,Brady,anderbr01,41,2005,0.2,200,175,21,42,9,1,5,21,4,1,20,37,2,2,1,2,5
Aurilia,Rich,aurilri01,34,2005,0.84,480,435,57,113,24,2,11,50,2,1,35,76,1,3,3,4,13
Bautista,Jose,bautijo02,25,2005,0.29,248,222,27,57,11,1,5,23,3,2,21,57,1,2,2,1,4
Bloomquist,Willie,bloomwi01,28,2005,0.62,322,290,45,77,15,1,5,32,11,2,25,60,1,2,3,2,6
Bocachica,Hiram,bocachi01,29,2005,0.49,256,229,30,56,12,1,8,25,5,4,21,52,1,2,3,1,4
Bordick,Mike,bordimi01,40,2005,0.7,238,213,25,54,11,1,5,28,3,1,20,39,1,2,2,1,5
Brown,Roosevelt,brownro01,30,2005,0.37,200,178,21,44,10,1,5,23,2,1,18,37,1,2,1,1,4
Bush,Homer,bushho01,33,2005,0.28,204,183,26,46,8,1,5,20,4,1,15,35,1,3,2,1,4
Butler,Brent,butlebr02,27,2005,0.56,210,191,30,50,10,2,5,23,2,2,13,29,2,2,2,2,4
Cabrera,Jolbert,cabrejo02,33,2005,0.76,434,395,47,104,25,2,8,48,8,4,24,75,2,8,3,4,12
Canizaro,Jay,canizja01,32,2005,0.24,200,178,25,45,10,1,4,22,2,1,17,34,1,2,1,2,3
Cardona,Javier,cardoja01,30,2005,0.1,200,178,24,45,9,1,5,23,3,1,17,34,1,2,1,2,4
Castillo,Alberto,castial01,35,2005,0.37,254,224,30,57,12,1,6,30,2,2,23,41,1,2,3,2,5
Castillo,Jose,castijo02,24,2005,0.63,407,371,48,100,17,2,10,44,4,2,28,79,4,2,4,2,10
Castro,Ramon,castrra01,29,2005,0.48,260,231,29,54,10,1,10,30,2,1,24,52,3,2,1,2,5
Cepicky,Matt,cepicma01,28,2005,0.32,231,211,25,54,12,1,7,27,3,1,16,46,2,2,1,1,4
Chavez,Endy,chaveen01,27,2005,0.81,526,478,66,130,23,6,7,44,21,7,33,55,2,1,11,3,7
Church,Ryan,churcry01,27,2005,0.23,236,209,28,53,10,1,6,27,3,1,22,41,2,2,2,1,6
Cora,Alex,coraal01,30,2005,0.82,493,434,49,115,18,4,9,45,5,3,36,57,6,12,9,2,7
Crosby,Bubba,crosbbu01,29,2005,0.22,230,206,29,50,10,1,7,27,4,1,17,41,1,3,3,1,4
Davis,J.J.,davisjj01,27,2005,0.24,224,199,26,49,9,1,6,25,4,2,20,44,1,2,1,2,4
Delgado,Wilson,delgawi01,33,2005,0.53,288,258,29,67,11,1,6,28,2,1,25,49,3,2,2,1,6
DeVore,Doug,devordo01,28,2005,0.32,257,233,26,60,11,2,7,31,3,2,20,51,1,2,1,1,4
Eckstein,David,eckstda01,30,2005,0.86,570,501,78,137,22,2,6,42,15,6,39,51,1,15,11,4,9
Erstad,Darin,erstada01,31,2005,0.83,500,459,70,128,22,2,8,55,14,2,31,67,2,4,3,3,9
Everett,Adam,everead01,28,2005,0.78,461,407,62,108,18,2,9,44,10,2,29,68,3,8,15,2,6
Febles,Carlos,febleca01,29,2005,0.64,222,195,28,50,9,1,3,18,6,2,19,34,1,4,3,1,5
Fick,Robert,fickro01,31,2005,0.8,372,334,38,85,18,2,10,48,1,1,31,51,3,3,0,4,7
Garcia,Karim,garcika01,30,2005,0.72,364,337,44,87,12,1,15,52,3,2,21,67,2,1,1,4,9
German,Esteban,germaes01,27,2005,0.28,233,209,30,55,9,2,5,26,3,2,19,41,1,2,2,1,5
Gonzalez,Alex,gonzaal02,28,2005,0.83,558,509,59,126,29,4,19,72,3,2,33,107,9,8,4,4,11
Grabowski,Jason,graboja01,29,2005,0.46,297,265,33,65,13,1,9,33,2,1,28,63,1,2,1,1,6
Guzman,Cristian,guzmacr01,27,2005,0.86,570,524,76,145,25,7,8,52,11,7,29,70,2,3,10,4,10
Haselman,Bill,haselbi01,39,2005,0.33,200,181,22,46,9,1,5,22,2,1,15,32,1,2,1,1,5
Henderson,Rickey,henderi01,47,2005,0.46,208,180,27,42,7,1,5,19,5,1,23,40,1,3,1,1,3
Hessman,Mike,hessmmi01,27,2005,0.28,238,215,29,52,12,1,8,26,2,1,19,48,2,2,1,1,5
Hinch,A.J.,hinchaj01,31,2005,0.47,214,191,25,48,9,1,7,26,2,1,16,38,1,3,2,2,4
Hollins,Dave,hollida01,39,2005,0.04,200,180,24,45,9,1,6,22,3,2,16,34,1,2,1,1,4
Hummel,Tim,hummeti01,27,2005,0.45,272,241,30,61,12,1,6,27,3,1,22,41,2,3,4,2,5
Hundley,Todd,hundlto01,36,2005,0.47,204,180,23,42,8,1,8,26,1,1,20,45,2,2,1,1,4
Hunter,Brian,huntebr02,34,2005,0.48,211,190,28,49,12,2,4,23,3,1,16,37,1,2,1,2,3
Inge,Brandon,ingebr01,28,2005,0.8,466,418,45,105,19,5,12,52,5,4,34,91,1,5,5,4,7
Johnson,Mark,johnsma01,38,2005,0.13,200,176,24,43,10,1,5,22,2,1,19,37,1,2,2,1,4
Kapler,Gabe,kaplega01,30,2005,0.75,380,348,54,95,18,2,7,42,8,4,25,62,1,2,3,2,8
Karros,Eric,karroer01,38,2005,0.76,292,267,29,69,13,1,8,34,2,1,21,42,1,2,0,2,7
Kingsale,Gene,kingsge01,29,2005,0.52,214,188,24,49,9,2,4,23,4,2,18,35,1,2,4,2,4
Kotchman,Casey,kotchca01,22,2005,0.35,264,235,28,62,13,1,5,33,5,1,21,35,4,5,1,2,5
Kreuter,Chad,kreutch01,41,2005,0.25,202,179,21,45,9,1,5,22,2,1,18,39,2,2,1,2,4
LaForest,Pete,laforpe01,27,2005,0.15,205,184,22,47,10,1,5,25,3,1,16,37,1,2,1,2,4
Laird,Gerald,lairdge01,26,2005,0.46,289,255,38,66,13,1,6,32,2,2,24,53,1,3,4,3,7
Lankford,Ray,lankfra01,38,2005,0.61,318,276,39,68,15,1,8,33,3,2,34,69,4,3,1,4,7
Larkin,Barry,larkiba01,41,2005,0.8,420,378,56,99,21,2,7,40,5,1,34,51,3,2,3,3,12
Lawrence,Joe,lawrejo01,28,2005,0.3,200,176,24,43,8,1,5,22,3,1,18,36,1,2,2,2,3
Lesher,Brian,leshebr01,34,2005,0.1,200,178,23,45,9,1,5,22,3,1,17,37,1,2,1,2,5
Little,Mark,littlma01,33,2005,0.32,212,185,28,46,9,2,4,21,3,2,18,40,1,6,1,2,3
Lombard,George,lombage01,30,2005,0.44,204,182,27,47,9,1,5,19,5,1,16,43,1,2,3,1,2
Long,Terrence,longte01,29,2005,0.82,409,376,47,98,20,3,10,45,3,2,28,61,4,2,0,3,10
Lopez,Jose,lopezjo01,22,2005,0.48,309,283,41,74,17,1,9,36,2,2,20,46,1,2,2,2,4
Lopez,Mendy,lopezme01,31,2005,0.34,232,208,28,52,10,1,7,26,3,1,18,47,1,2,3,1,6
Magee,Wendell,mageewe01,33,2005,0.48,200,184,22,50,10,1,5,22,2,2,12,34,1,1,1,2,4
Martinez,Ramon,martira03,33,2005,0.74,382,337,38,89,19,2,6,42,2,1,31,57,3,3,6,5,7
Matos,Julius,matosju01,31,2005,0.41,206,187,24,49,7,1,5,23,2,1,14,35,1,2,2,1,5
McCarty,David,mccarda01,36,2005,0.52,290,261,36,66,14,1,8,31,2,1,23,61,1,3,1,2,6
McCracken,Quinton,mccraqu01,35,2005,0.72,320,285,39,77,16,3,4,30,5,3,25,52,1,1,6,3,5
McGuire,Ryan,mcguiry01,34,2005,0.07,200,179,23,45,9,1,5,23,3,1,17,34,1,2,1,1,5
McKay,Cody,mckayco01,31,2005,0.25,240,216,28,56,10,1,5,27,3,1,17,40,1,3,2,2,6
Mendez,Carlos,mendeca01,31,2005,0.13,205,184,24,48,10,1,5,24,2,1,16,37,1,2,1,2,4
Merced,Orlando,merceor01,39,2005,0.6,223,201,25,51,12,2,5,25,3,1,18,38,2,1,1,2,5
Miles,Aaron,milesaa01,29,2005,0.71,484,441,64,127,17,2,8,46,9,5,30,55,1,3,5,5,10
Miller,Damian,milleda02,36,2005,0.8,461,409,45,104,24,1,11,53,2,1,43,99,4,3,4,2,17
Morris,Warren,morriwa02,31,2005,0.56,238,216,26,58,10,1,5,25,3,1,17,33,1,1,2,2,4
Nieves,Wil,nievewi01,28,2005,0.16,200,179,22,46,9,1,5,22,3,1,17,34,3,2,1,1,4
Nivar,Ramon,nivarra01,25,2005,0.29,220,197,27,51,8,2,5,26,5,3,16,35,1,2,3,2,4
Norton,Greg,nortogr01,33,2005,0.61,269,239,29,58,13,1,8,34,3,2,26,58,1,1,1,2,6
Offerman,Jose,offerjo01,37,2005,0.62,301,264,38,65,15,2,6,32,4,3,33,45,2,1,1,2,6
O'Leary,Troy,oleartr01,36,2005,0.59,219,194,23,50,10,1,5,27,2,1,19,36,2,2,2,2,6
Olivo,Miguel,olivomi01,27,2005,0.72,399,362,51,89,20,3,12,44,7,5,27,88,2,4,4,2,5
Olmedo,Ray,olmedra01,24,2005,0.46,226,203,26,54,9,1,4,22,2,1,17,38,1,1,4,1,4
Palmeiro,Orlando,palmeor01,36,2005,0.72,314,275,36,73,12,1,5,31,4,2,29,36,2,3,4,3,4
Paul,Josh,pauljo01,30,2005,0.42,243,214,31,55,10,1,5,29,4,1,21,44,1,2,4,2,4
Perez,Timo,perezti01,30,2005,0.79,399,362,44,98,20,2,7,45,6,4,22,39,1,3,8,4,8
Pond,Simon,pondsi01,29,2005,0.19,228,202,26,50,10,1,6,27,3,1,20,40,1,3,1,2,6
Pride,Curtis,pridecu01,37,2005,0.18,222,200,27,51,11,1,6,24,3,1,16,41,1,3,2,1,5
Prince,Tom,princto01,41,2005,0.36,206,180,23,44,9,1,6,23,3,2,18,35,1,3,3,2,5
Punto,Nick,puntoni01,28,2005,0.44,261,234,36,60,8,1,6,27,7,1,24,48,2,1,1,1,4
Raines,Tim,raineti01,46,2005,0.22,200,174,22,42,8,1,5,20,2,1,21,35,3,2,1,2,5
Redmond,Mike,redmomi01,34,2005,0.7,351,314,31,83,18,1,5,35,2,1,23,45,3,8,3,3,8
Rivera,Carlos,riverca01,27,2005,0.3,219,194,27,50,10,1,6,25,2,1,19,41,3,2,2,2,4
Rivera,Ruben,riverru01,32,2005,0.39,206,181,24,44,8,1,6,21,3,1,18,41,1,3,2,2,3
Roberts,Dave,roberda07,33,2005,0.81,430,377,61,98,13,5,5,33,33,7,42,52,1,4,4,3,3
Rodriguez,Henry,rodrihe02,38,2005,0.06,200,177,24,44,9,1,5,23,3,1,18,36,1,2,1,2,4
Ross,Dave,rossda01,28,2005,0.56,309,272,34,64,12,1,12,34,2,1,27,77,2,5,1,4,6
Rushford,Jim,rushfji01,31,2005,0.17,200,179,24,44,9,1,5,22,2,1,17,31,1,2,1,1,5
Sanchez,Alex,sanchal03,29,2005,0.82,436,401,50,119,15,5,3,33,28,13,22,61,1,2,8,3,5
Sanchez,Freddy,sanchfr01,28,2005,0.19,213,192,28,49,9,1,5,24,2,1,16,36,1,2,2,1,3
Schneider,Brian,schnebr01,29,2005,0.79,482,429,46,110,26,3,12,55,2,2,43,78,10,3,4,3,11
Scutaro,Marco,scutama01,30,2005,0.7,448,414,49,110,26,2,9,44,3,1,26,64,2,2,4,2,8
Sierra,Ruben,sierrru01,40,2005,0.79,403,367,44,93,18,1,14,58,3,1,30,64,4,1,1,4,10
Simon,Randall,simonra01,30,2005,0.78,350,325,37,86,13,1,11,48,1,1,19,34,4,4,0,2,8
Smith,Jason,smithja05,28,2005,0.47,285,258,35,65,12,4,8,33,4,2,19,57,1,2,5,1,3
Spiezio,Scott,spiezsc01,33,2005,0.84,466,413,55,105,23,3,12,59,5,3,42,60,5,4,2,5,9
Stevens,Lee,stevele01,38,2005,0.51,200,175,24,41,8,1,7,25,2,1,21,39,2,1,1,2,4
Taylor,Reggie,taylore01,28,2005,0.59,219,200,26,51,9,2,6,26,6,2,14,53,1,2,2,1,4
Vazquez,Ramon,vazqura01,29,2005,0.77,314,277,36,73,12,3,4,26,5,2,30,55,2,1,4,2,4
Velarde,Randy,velarra01,43,2005,0.28,200,178,25,44,9,1,5,19,3,1,17,37,1,3,1,1,5
Victorino,Shane,victosh01,25,2005,0.22,208,183,26,46,9,1,5,22,6,2,19,35,1,2,2,2,6
Ward,Daryle,wardda01,30,2005,0.75,372,339,39,87,19,1,12,54,2,1,26,59,3,3,1,3,8
Widger,Chris,widgech01,34,2005,0.35,211,191,23,50,12,1,4,24,2,1,15,35,1,2,1,2,5
Wilson,Tom,wilsoto02,35,2005,0.64,235,209,28,54,11,0,6,28,1,1,21,57,1,2,1,2,4
Wilson,Vance,wilsova01,32,2005,0.68,318,286,34,74,14,1,9,41,2,1,20,54,2,7,2,3,7
Wise,Dewayne,wisede01,27,2005,0.5,288,262,38,64,14,3,9,32,7,1,20,45,2,2,2,2,3
Woodward,Chris,woodwch01,29,2005,0.76,355,319,43,84,18,3,8,42,2,2,26,67,1,3,2,5,6
Zaun,Gregg,zaungr01,34,2005,0.73,415,365,45,92,21,1,8,44,2,2,41,65,2,5,2,2,8
Zeile,Todd,zeileto01,40,2005,0.81,432,381,43,92,16,1,12,50,2,1,44,79,2,2,1,4,14
Zinter,Alan,zinteal01,37,2005,0.22,220,197,25,48,10,1,7,26,2,1,18,48,1,2,1,2,4
Zoccolillo,Pete,zoccope01,28,2005,0.12,204,183,23,46,9,1,5,24,3,1,17,37,1,2,1,1,4
Alicea,Luis,alicelu01,40,2005,0.41,200,177,23,43,8,1,4,21,2,2,19,31,1,1,2,1,4
Alomar Jr.,Sandy,alomasa02,39,2005,0.68,302,278,32,72,13,1,7,34,1,1,16,36,1,2,4,2,8
Amezaga,Alfredo,amezaal01,27,2005,0.47,264,233,34,56,10,2,6,28,5,3,19,48,1,4,7,1,5
Anderson,Marlon,anderma02,31,2005,0.81,389,353,44,92,19,2,8,42,8,2,27,51,5,3,2,4,7
Batista,Tony,batisto01,32,2005,0.87,592,547,71,132,25,1,26,87,7,4,32,86,5,5,2,6,14
Benard,Marvin,benarma01,35,2005,0.37,208,189,24,48,10,2,4,22,4,1,15,35,1,2,1,1,5
Berg,Dave,bergda01,35,2005,0.7,298,272,34,71,13,1,6,34,1,2,18,49,1,3,2,3,7
Berger,Brandon,bergebr01,30,2005,0.39,222,200,27,49,9,1,6,25,3,1,17,39,2,2,2,1,4
Bergeron,Peter,bergepe01,28,2005,0.36,222,195,28,48,8,1,4,20,5,2,22,48,1,1,3,1,3
Blum,Geoff,blumge01,32,2005,0.8,429,389,48,98,21,1,10,48,2,2,32,64,2,2,3,3,9
Bragg,Darren,braggda01,36,2005,0.63,274,245,34,60,12,2,6,23,4,1,23,58,2,2,3,1,4
Brown,Adrian,brownad01,31,2005,0.4,207,185,23,46,9,1,4,22,5,2,17,34,1,2,2,1,4
Brown,Dee,brownde02,27,2005,0.6,319,291,35,75,14,1,7,37,3,2,22,70,1,3,1,2,3
Casanova,Raul,casanra01,33,2005,0.2,200,177,21,44,8,1,5,22,2,1,18,34,3,2,1,2,4
Cedeno,Roger,cedenro01,31,2005,0.8,364,330,44,87,15,2,6,32,10,3,28,62,2,1,3,2,7
Clark,Jermaine,clarkje02,29,2005,0.25,223,197,25,47,10,1,5,25,4,2,19,36,1,3,2,2,4
Clark,Tony,clarkto02,33,2005,0.74,370,334,42,77,16,1,15,52,1,1,31,91,3,2,1,2,10
Clayton,Royce,claytro01,35,2005,0.85,580,516,72,132,25,3,11,50,7,3,44,107,4,4,13,3,16
Conti,Jason,contija01,30,2005,0.51,235,213,26,53,12,1,5,25,3,2,18,51,1,1,2,1,4
Coomer,Ron,coomero01,39,2005,0.46,214,194,22,49,9,1,6,24,2,1,15,34,2,2,1,2,7
Cruz,Deivi,cruzde01,33,2005,0.84,473,440,50,117,25,2,10,53,2,2,20,48,3,3,6,4,12
Davis,Ben,davisbe01,28,2005,0.71,331,300,36,74,17,1,9,44,2,1,24,70,2,2,2,3,7
DeRosa,Mark,derosma01,30,2005,0.75,401,362,46,95,19,1,8,38,3,3,27,62,3,5,3,4,8
DeShields,Delino,deshide01,36,2005,0.3,200,176,24,42,9,1,5,20,5,1,19,37,2,1,3,1,3
Difelice,Mike,difelmi01,36,2005,0.56,234,210,28,51,13,1,5,26,2,1,17,41,2,3,2,2,6
Duncan,Jeff,duncaje01,27,2005,0.38,225,196,25,47,7,2,5,22,6,2,21,45,3,2,5,1,3
Easley,Damion,easleda01,36,2005,0.7,340,304,34,71,18,1,9,40,3,2,26,51,2,7,1,2,7
Escalona,Felix,escalfe01,26,2005,0.36,207,186,24,46,10,1,4,20,5,1,14,39,1,4,2,1,3
Flaherty,John,flahejo01,38,2005,0.63,279,255,30,65,16,0,8,32,2,2,16,49,2,2,4,2,8
Fletcher,Darrin,fletcda01,39,2005,0.25,200,182,21,45,9,1,5,26,2,1,14,30,1,1,1,2,5
Fryman,Travis,frymatr01,36,2005,0.52,200,180,22,43,8,1,6,24,1,1,17,36,1,1,1,1,5
Gil,Geronimo,gilge01,30,2005,0.65,236,215,24,54,10,0,6,25,2,1,16,43,1,2,2,1,6
Gil,Jerry,gilje01,23,2005,0.27,244,222,26,56,10,2,5,28,4,1,16,52,1,3,1,2,5
Gomez,Chris,gomezch02,34,2005,0.77,407,372,43,99,18,2,6,40,3,2,25,49,1,3,4,3,8
Gonzalez,Alex,gonzaal01,32,2005,0.82,412,372,48,89,23,2,13,42,3,2,30,87,2,3,5,2,10
Gonzalez,Raul,gonzara01,32,2005,0.53,230,206,27,51,10,1,5,24,4,1,21,38,1,1,1,1,6
Gonzalez,Wiki,gonzawi01,31,2005,0.42,207,182,20,45,10,1,4,24,2,1,20,32,2,2,1,2,7
Green,Andy,greenan01,28,2005,0.33,260,234,32,58,10,2,6,24,3,2,19,41,1,2,3,2,5
Gutierrez,Ricky,gutieri01,35,2005,0.62,262,237,26,61,10,0,4,26,2,1,18,37,1,4,2,1,8
Guzman,Edwards,guzmaed01,29,2005,0.34,216,196,25,51,9,1,5,24,2,1,15,32,2,1,2,2,6
Hall,Bill,hallbi03,26,2005,0.7,423,389,50,99,21,3,11,54,9,5,26,98,2,2,4,2,7
Hall,Toby,hallto02,30,2005,0.81,470,432,47,111,23,1,10,55,1,2,27,47,3,5,1,5,16
Harris,Willie,harriwi01,27,2005,0.74,450,397,60,102,15,2,5,33,18,5,42,73,1,2,6,3,5
Hermansen,Chad,hermach01,28,2005,0.44,206,185,23,44,10,1,6,20,4,2,17,47,1,1,2,1,3
Hubbard,Trenidad,hubbatr01,39,2005,0.3,202,179,24,44,9,1,4,20,5,3,19,36,1,2,1,1,4
Izturis,Cesar,izturce01,25,2005,0.86,623,575,69,158,28,6,5,53,15,6,34,67,4,1,9,4,9
Jackson,Damian,jacksda04,32,2005,0.58,234,210,32,53,13,1,4,23,9,4,18,39,2,2,2,2,4
Knoblauch,Chuck,knoblch01,37,2005,0.46,200,179,25,42,8,1,5,19,6,1,17,27,1,2,1,1,4
Lampkin,Tom,lampkto01,41,2005,0.45,200,176,22,42,8,1,6,23,2,1,19,36,3,2,1,2,3
Larson,Brandon,larsobr01,29,2005,0.51,278,244,30,55,11,1,8,33,4,2,28,60,1,3,1,2,5
Leon,Jose,leonjo01,29,2005,0.42,240,218,26,54,9,1,6,25,2,1,16,50,1,3,1,2,7
Liefer,Jeff,liefeje01,31,2005,0.52,228,206,26,49,10,1,7,30,2,1,18,53,2,1,1,2,5
Martin,Al,martial03,38,2005,0.46,226,205,23,52,10,1,5,25,2,2,17,42,3,2,1,1,6
Mateo,Henry,mateohe01,29,2005,0.45,240,216,32,56,9,1,4,19,8,3,18,46,1,3,2,1,3
Mateo,Ruben,mateoru01,27,2005,0.61,291,264,30,66,13,2,7,30,2,1,20,57,2,4,1,2,5
McLemore,Mark,mclemma01,41,2005,0.77,383,331,42,81,17,1,5,37,6,5,45,63,2,2,2,3,5
Miller,Corky,milleco01,29,2005,0.4,228,199,24,47,10,1,5,24,2,1,21,40,2,5,1,2,7
Moeller,Chad,moellch01,30,2005,0.73,401,358,39,88,20,2,9,41,2,2,32,80,6,4,5,2,12
Molina,Ben,molinbe01,31,2005,0.8,424,394,41,106,19,0,11,58,1,1,20,42,2,3,3,4,16
Morban,Jose,morbajo01,26,2005,0.2,208,187,29,46,8,1,6,23,7,1,16,38,1,2,2,1,3
Murray,Calvin,murraca01,34,2005,0.21,203,181,28,44,10,1,5,20,4,1,17,33,1,2,2,1,3
Nunez,Abraham,nunezab02,28,2005,0.58,361,320,45,76,14,1,8,40,3,3,35,70,2,2,2,2,8
Owens,Eric,owenser01,34,2005,0.66,226,206,26,55,8,1,3,22,9,4,15,26,1,1,3,1,5
Perez,Eddie,perezed02,37,2005,0.7,332,303,28,76,17,1,8,33,1,1,20,52,2,2,5,2,11
Perez,Tomas,perezto03,32,2005,0.71,328,296,38,75,18,2,8,35,2,1,24,60,6,2,4,2,6
Raines,Tim,raineti02,26,2005,0.36,255,231,33,59,13,1,5,24,7,3,18,43,1,3,2,1,6
Relaford,Desi,relafde01,32,2005,0.82,471,418,58,103,19,2,8,48,10,4,37,65,2,7,5,4,9
Reyes,Rene,reyesre01,27,2005,0.41,245,223,28,56,12,1,5,22,3,1,18,43,2,1,1,2,4
Rios,Armando,riosar01,34,2005,0.48,211,193,21,49,9,1,4,24,2,1,15,34,1,1,1,1,7
Rivera,Mike,rivermi02,29,2005,0.35,206,187,22,46,10,1,5,21,2,1,15,39,1,2,1,1,6
Shumpert,Terry,shumpte01,39,2005,0.5,210,184,26,44,10,1,5,20,3,1,18,35,1,3,3,2,5
Singleton,Chris,singlch01,33,2005,0.71,234,212,29,55,14,2,4,25,6,1,15,39,1,2,2,3,3
Stynes,Chris,stynech01,32,2005,0.75,337,300,42,74,18,1,7,42,2,1,29,51,2,3,3,2,6
Tatis,Fernando,tatisfe01,30,2005,0.63,220,195,23,46,9,1,6,25,2,1,19,43,1,3,1,2,6
Torres,Andres,torrean02,27,2005,0.45,218,194,27,49,8,2,4,19,4,3,17,38,1,2,3,2,5
Tyner,Jason,tynerja01,28,2005,0.44,210,189,25,49,9,1,4,19,4,1,16,29,1,1,3,1,3
Valentin,Javier,valenja01,30,2005,0.58,325,295,33,73,15,2,9,34,2,1,24,57,3,2,1,3,8
Vaughn,Greg,vaughgr01,40,2005,0.47,205,177,24,38,9,1,6,22,2,1,23,46,1,2,1,2,4
Vina,Fernando,vinafe01,36,2005,0.76,294,264,36,68,13,2,3,25,5,3,18,27,1,8,2,2,6
Vizcaino,Jose,vizcajo01,37,2005,0.77,413,381,42,103,19,3,6,41,2,2,24,49,4,1,5,2,8
Womack,Tony,womacto01,36,2005,0.84,539,494,73,134,20,4,6,41,19,6,32,67,1,4,5,4,8
Abernathy,Brent,abernbr01,28,2005,0.58,204,185,22,46,8,1,3,19,3,1,13,25,1,2,3,1,4
Barajas,Rod,barajro01,30,2005,0.74,418,380,47,93,25,1,12,56,2,1,23,69,4,4,5,6,7
Bell,Jay,bellja01,40,2005,0.38,214,187,22,42,7,1,4,20,2,1,22,43,1,2,1,2,5
Bennett,Gary,bennega01,33,2005,0.75,357,322,32,79,16,1,5,37,3,1,27,53,3,4,2,2,10
Borchard,Joe,borchjo01,27,2005,0.55,317,284,38,63,10,1,11,34,3,1,27,71,2,2,2,2,5
Borders,Pat,bordepa01,42,2005,0.32,251,230,27,56,13,1,6,27,4,2,16,49,1,2,2,1,5
Brito,Juan,britoju01,26,2005,0.45,292,265,33,66,13,1,7,28,3,1,20,54,2,2,2,3,8
Calloway,Ron,calloro01,29,2005,0.62,282,256,29,62,12,1,7,36,6,1,19,57,1,2,3,2,8
Castro,Juan,castrju01,33,2005,0.73,393,361,40,90,20,2,9,39,3,2,24,67,2,1,4,3,10
Christenson,Ryan,chrisry01,31,2005,0.44,219,195,26,44,10,1,5,22,3,2,18,43,1,2,3,1,4
Counsell,Craig,counscr01,35,2005,0.82,508,446,59,111,18,3,5,37,12,4,51,71,5,4,4,3,7
Crespo,Cesar,crespce01,26,2005,0.29,240,220,28,53,11,2,5,22,5,2,16,44,1,2,1,1,4
Cruz,Enrique,cruzen01,24,2005,0.2,208,187,25,44,9,1,5,22,2,1,17,43,1,2,1,1,4
Dunston,Shawon,dunstsh01,42,2005,0.28,200,183,20,45,8,1,5,20,2,1,13,37,1,2,1,1,3
Fabregas,Jorge,fabrejo01,35,2005,0.3,200,180,22,43,8,1,5,24,2,1,15,28,1,1,2,2,5
Fordyce,Brook,fordybr01,35,2005,0.7,319,291,28,73,13,1,6,27,2,2,20,50,1,3,4,1,8
Fox,Andy,foxan01,34,2005,0.65,240,214,27,50,8,2,4,21,7,2,19,49,2,4,2,1,4
Garcia,Jesse,garcije01,32,2005,0.4,260,241,34,62,10,2,5,28,3,3,14,42,1,2,2,1,5
Gil,Benji,gilbe01,33,2005,0.44,214,195,23,49,10,1,5,24,4,1,13,43,1,1,3,2,4
Girardi,Joe,girarjo01,41,2005,0.42,203,183,20,44,8,1,4,18,2,1,16,32,2,1,2,1,6
Goodwin,Tom,goodwto01,37,2005,0.6,275,249,34,63,14,1,4,23,14,3,21,48,1,1,2,2,5
Grace,Mark,gracema01,41,2005,0.58,216,190,25,45,10,0,5,26,2,1,22,27,3,1,1,2,5
Guerrero,Wilton,guerrwi01,31,2005,0.34,216,195,26,49,7,2,4,19,5,1,15,37,1,1,4,1,4
Halter,Shane,haltesh01,36,2005,0.75,300,273,30,63,10,2,9,28,2,2,23,61,1,1,1,2,8
Johnson,Mark L.,johnsma02,30,2005,0.48,211,184,24,43,8,1,4,20,2,1,20,35,2,2,3,2,3
Laker,Tim,lakerti01,36,2005,0.53,282,255,30,62,12,1,7,34,3,2,19,56,2,2,4,2,7
Lockhart,Keith,lockhke01,41,2005,0.54,211,188,25,44,9,1,5,21,1,1,18,35,3,1,3,1,4
Machado,Robert,macharo01,32,2005,0.52,244,222,26,54,12,1,5,23,2,1,19,45,2,1,1,1,5
Macias,Jose,maciajo01,33,2005,0.73,331,305,38,78,15,2,7,34,5,3,17,55,1,3,4,2,5
Molina,Jose,molinjo01,30,2005,0.6,321,291,37,74,14,2,5,33,4,2,18,65,1,3,7,2,7
Mordecai,Mike,mordemi01,38,2005,0.54,255,227,28,55,11,1,5,23,3,2,20,46,3,2,5,1,4
Nunez,Abraham,nunezab01,29,2005,0.73,333,298,36,74,13,3,5,30,5,3,26,55,1,2,5,2,8
Ordonez,Rey,ordonre01,34,2005,0.66,246,224,26,58,13,1,4,27,2,1,13,32,3,2,5,2,7
Phillips,Brandon,phillbr01,24,2005,0.6,251,229,27,55,13,1,5,25,3,3,16,45,1,2,3,1,6
Reboulet,Jeff,rebouje01,41,2005,0.53,230,203,27,49,9,1,4,22,2,1,20,40,2,2,4,1,5
Reese,Pokey,reesepo01,32,2005,0.73,346,309,38,76,14,1,5,38,8,2,27,68,2,2,5,3,5
Robinson,Kerry,robinke02,32,2005,0.62,273,249,35,66,10,2,4,24,10,4,17,38,3,2,3,2,3
Rolls,Damian,rollsda01,28,2005,0.68,306,277,35,69,15,1,5,32,6,3,20,62,1,4,2,3,5
Romano,Jason,romanja01,26,2005,0.35,222,201,28,49,9,1,5,22,5,1,17,43,1,1,2,1,4
Santiago,Ramon,santira01,26,2005,0.71,273,241,30,59,10,2,4,22,5,2,19,40,1,5,7,1,4
Selby,Bill,selbybi01,35,2005,0.37,204,183,22,43,9,1,6,24,2,1,17,35,2,1,1,2,4
Shinjo,Tsuyoshi,shinjts01,33,2005,0.58,212,190,23,46,8,1,5,21,2,1,15,29,1,3,2,2,3
Truby,Chris,trubych01,32,2005,0.54,205,187,22,46,10,1,4,17,2,1,12,43,1,2,2,2,4
Williams,Gerald,willige02,39,2005,0.43,272,246,35,57,13,2,7,27,6,2,20,48,2,2,3,1,5
Wilson,Dan,wilsoda01,36,2005,0.78,413,374,37,96,17,1,6,45,1,1,26,72,1,2,6,5,9
Wooten,Shawn,wootesh01,33,2005,0.61,258,234,25,58,11,0,6,29,2,2,19,43,3,2,1,2,7
Ausmus,Brad,ausmubr01,36,2005,0.83,475,424,46,104,16,2,6,43,3,3,38,67,5,4,5,4,15
Bako,Paul,bakopa01,33,2005,0.67,300,268,30,63,14,2,4,27,2,1,27,57,4,2,2,1,5
Benjamin,Mike,benjami01,40,2005,0.25,200,181,21,42,8,1,4,19,2,2,15,38,1,2,1,1,5
Chavez,Raul,chavera01,32,2005,0.47,292,264,28,64,13,1,5,35,2,2,21,54,3,2,4,1,11
Cirillo,Jeff,cirilje01,36,2005,0.73,270,240,28,57,11,0,4,26,3,1,19,37,1,4,4,3,5
Diaz,Einar,diazei01,33,2005,0.73,316,286,29,69,14,1,4,27,3,1,17,33,2,6,4,3,10
Harris,Lenny,harrile01,41,2005,0.6,266,242,27,59,10,1,5,27,3,1,19,34,2,2,1,2,5
Hocking,Dennis,hockide01,35,2005,0.65,274,244,28,59,11,1,4,26,1,2,21,47,1,1,5,3,5
Huckaby,Ken,huckake01,34,2005,0.49,229,211,25,51,9,1,4,21,2,1,15,39,1,1,1,1,6
Lopez,Luis,lopezlu02,35,2005,0.41,248,225,26,52,12,1,6,26,2,1,16,44,1,2,2,3,5
Matheny,Mike,mathemi01,35,2005,0.81,459,410,40,102,20,2,7,49,2,2,35,80,9,3,7,4,10
Mayne,Brent,maynebr01,37,2005,0.76,353,312,33,74,12,1,5,31,2,2,32,57,5,2,4,3,9
McDonald,John,mcdonjo03,31,2005,0.66,273,248,33,60,12,2,4,21,3,1,15,42,1,3,5,2,5
McEwing,Joe,mcewijo01,33,2005,0.69,308,275,34,67,11,1,4,29,5,2,22,60,4,3,6,2,4
Osik,Keith,osikke01,37,2005,0.56,240,215,22,50,10,0,4,22,1,1,21,44,1,2,1,1,6
Palmer,Dean,palmede01,37,2005,0.26,210,186,21,42,8,1,4,21,2,1,18,43,1,3,1,2,5
Paquette,Craig,paquecr01,36,2005,0.44,203,186,21,43,9,1,5,19,2,1,13,37,1,1,1,2,5
Perez,Neifi,perezne01,32,2005,0.81,445,409,45,103,19,3,5,40,4,3,23,46,3,1,8,4,9
Sadler,Donnie,sadledo01,30,2005,0.47,227,202,32,46,9,2,4,19,5,3,18,43,1,3,2,2,3
Walbeck,Matt,walbema01,36,2005,0.41,214,196,21,46,8,1,4,18,2,1,13,37,1,2,2,1,4
Wilson,Enrique,wilsoen01,32,2005,0.65,346,313,37,72,14,1,8,39,4,2,23,42,1,2,4,4,7
Blanco,Henry,blanche01,34,2005,0.73,393,352,38,77,19,1,10,40,2,2,27,65,3,3,7,4,8
Cash,Kevin,cashke01,28,2005,0.56,310,280,33,61,13,1,7,33,2,1,20,68,1,4,3,3,8
Glanville,Doug,glanvdo01,35,2005,0.73,313,289,35,71,9,1,6,25,9,1,17,42,2,1,4,2,5
Sanchez,Rey,sanchre01,38,2005,0.78,390,359,38,91,14,3,3,34,2,2,20,44,2,3,4,4,9
